Player,Pos,Age,Tm,G,GS,MP,FG,FGA,3P,3PA,2P,2PA,FT,FTA,ORB,DRB,TRB,AST,STL,BLK,TOV,PF,PTS
Precious Achiuwa,C,22,TOR,35,20,25.0,3.3,8.0,0.3,1.2,3.0,6.7,0.9,1.6,2.3,5.2,7.5,1.2,0.6,0.6,1.0,2.2,7.8
Steven Adams,C,28,MEM,45,44,25.8,2.5,4.9,0.0,0.0,2.5,4.9,1.6,2.8,4.3,5.0,9.3,3.0,1.0,0.6,1.5,1.7,6.7
Bam Adebayo,C,24,MIA,22,22,32.9,6.9,13.2,0.0,0.0,6.9,13.1,4.7,6.1,2.5,7.3,9.9,3.3,1.2,0.5,3.0,3.2,18.5
Santi Aldama,PF,21,MEM,26,0,10.6,1.4,3.7,0.2,1.5,1.3,2.2,0.5,0.8,0.9,1.5,2.4,0.5,0.1,0.3,0.3,1.0,3.5
LaMarcus Aldridge,C,36,BRK,33,10,22.9,5.8,10.3,0.4,1.1,5.5,9.2,1.5,1.8,1.5,4.0,5.5,0.9,0.4,1.1,0.9,1.8,13.6
Nickeil Alexander-Walker,SG,23,NOP,42,18,26.5,4.7,12.8,2.0,6.2,2.8,6.6,1.2,1.7,0.8,2.6,3.4,2.6,0.8,0.3,1.6,1.8,12.6
Grayson Allen,SG,26,MIL,41,40,28.1,4.1,9.6,2.6,6.7,1.5,3.0,1.0,1.2,0.5,2.9,3.4,1.3,0.8,0.4,0.6,1.5,11.8
Jarrett Allen,C,23,CLE,40,40,32.7,6.7,9.6,0.0,0.2,6.6,9.4,2.9,4.3,3.4,7.6,11.0,1.9,0.8,1.4,1.9,1.8,16.3
Jose Alvarado,PG,23,NOP,18,0,9.2,1.1,3.1,0.4,1.4,0.7,1.6,0.5,0.8,0.3,0.7,1.0,1.6,1.0,0.1,0.2,1.0,3.1
Justin Anderson,SF,28,TOT,6,0,12.8,1.0,3.2,0.5,2.5,0.5,0.7,1.0,1.2,0.3,1.3,1.7,1.5,0.3,0.2,0.5,1.5,3.5
Justin Anderson,SF,28,CLE,3,0,15.7,1.3,2.7,0.7,2.0,0.7,0.7,1.0,1.3,0.0,2.0,2.0,2.0,0.3,0.0,0.7,1.3,4.3
Justin Anderson,SF,28,IND,3,0,10.0,0.7,3.7,0.3,3.0,0.3,0.7,1.0,1.0,0.7,0.7,1.3,1.0,0.3,0.3,0.3,1.7,2.7
Kyle Anderson,PF,28,MEM,38,8,22.4,3.2,7.4,0.7,1.9,2.6,5.5,1.0,1.6,0.9,4.4,5.3,2.6,1.1,0.6,1.1,1.5,8.2
Giannis Antetokounmpo,PF,27,MIL,39,39,32.7,9.9,18.7,1.1,3.8,8.8,14.9,7.7,10.8,1.8,9.5,11.3,6.0,1.0,1.5,3.5,3.3,28.6
Thanasis Antetokounmpo,SF,29,MIL,28,5,11.9,1.4,2.9,0.0,0.4,1.3,2.5,0.5,0.9,1.1,1.7,2.8,0.7,0.5,0.3,0.6,1.9,3.3
Carmelo Anthony,PF,37,LAL,44,3,26.8,4.6,10.5,2.3,6.0,2.3,4.6,1.9,2.4,0.9,3.3,4.2,1.0,0.7,0.8,0.8,2.3,13.4
Cole Anthony,PG,21,ORL,34,34,33.1,6.2,15.7,2.3,7.1,3.9,8.6,3.3,4.0,0.6,5.4,6.0,5.8,0.8,0.3,2.7,2.7,18.0
OG Anunoby,SF,24,TOR,29,29,36.7,6.9,16.0,2.5,7.3,4.4,8.7,2.4,3.1,1.5,3.8,5.3,2.4,1.7,0.5,1.7,3.0,18.6
Trevor Ariza,SF,36,LAL,13,6,18.8,1.2,3.5,0.9,2.9,0.2,0.5,0.2,0.3,0.3,3.1,3.4,1.2,0.5,0.2,0.5,0.5,3.4
D.J. Augustin,PG,34,HOU,33,2,15.0,1.7,4.0,1.2,2.8,0.5,1.2,1.0,1.2,0.2,1.0,1.2,2.2,0.3,0.0,1.3,0.5,5.5
Deni Avdija,SF,21,WAS,47,6,22.6,2.7,6.1,0.9,2.8,1.9,3.3,1.0,1.4,0.7,4.0,4.7,1.6,0.8,0.6,0.9,2.3,7.3
Joel Ayayi,SG,21,WAS,7,0,2.9,0.1,0.9,0.0,0.1,0.1,0.7,0.0,0.0,0.1,0.3,0.4,0.6,0.0,0.0,0.0,0.0,0.3
Deandre Ayton,C,23,PHO,28,28,29.9,7.3,11.5,0.1,0.3,7.3,11.2,2.0,2.9,2.8,7.8,10.6,1.5,0.8,0.8,1.7,2.2,16.8
Udoka Azubuike,C,22,UTA,7,1,7.3,0.7,1.0,0.0,0.0,0.7,1.0,0.1,0.3,0.3,1.4,1.7,0.0,0.1,0.6,0.7,0.7,1.6
Marvin Bagley III,PF,22,SAC,27,14,22.0,3.9,8.3,0.5,2.1,3.3,6.2,1.3,1.7,2.3,4.9,7.3,0.6,0.3,0.3,0.7,1.7,9.5
LaMelo Ball,PG,20,CHO,40,40,31.8,6.9,16.5,2.6,7.3,4.3,9.3,2.6,3.0,1.7,5.6,7.3,7.6,1.6,0.5,3.1,3.0,19.0
Lonzo Ball,PG,24,CHI,35,35,34.6,4.6,10.9,3.1,7.4,1.5,3.5,0.6,0.8,1.0,4.4,5.4,5.1,1.8,0.9,2.3,2.4,13.0
Mo Bamba,C,23,ORL,37,35,27.0,4.0,8.8,1.4,3.8,2.7,4.9,0.8,1.0,2.2,5.9,8.1,1.5,0.7,2.1,1.4,2.7,10.2
Desmond Bane,SF,23,MEM,45,45,29.9,6.7,14.3,2.9,6.9,3.8,7.4,1.4,1.6,0.5,3.9,4.4,2.4,1.1,0.5,1.5,2.4,17.7
Dalano Banton,SF,22,TOR,34,1,11.7,1.5,3.6,0.2,0.8,1.2,2.8,0.5,0.7,0.6,1.5,2.1,1.7,0.4,0.1,1.1,1.2,3.7
Cat Barber,PG,27,ATL,3,0,4.3,0.0,1.3,0.0,0.0,0.0,1.3,0.0,1.3,0.3,0.7,1.0,1.0,0.0,0.0,0.3,0.3,0.0
Harrison Barnes,PF,29,SAC,43,43,33.6,5.1,11.2,2.1,5.0,3.0,6.2,4.3,5.1,1.1,4.9,6.0,2.4,0.7,0.2,1.6,1.3,16.6
Scottie Barnes,PF,20,TOR,37,37,35.4,5.9,12.5,0.8,2.6,5.1,9.9,2.1,2.9,2.8,5.0,7.8,3.4,1.0,0.9,1.9,2.9,14.6
RJ Barrett,SF,21,NYK,40,40,32.6,6.2,14.8,2.0,5.5,4.2,9.4,3.0,4.2,0.8,5.1,5.9,2.5,0.5,0.3,2.0,2.1,17.2
Will Barton,SG,31,DEN,40,40,32.7,5.8,13.4,2.4,6.4,3.5,7.0,1.3,1.7,0.6,4.2,4.8,4.2,0.8,0.5,1.8,1.4,15.3
Paris Bass,SF,26,PHO,2,0,3.5,1.0,3.0,0.0,1.0,1.0,2.0,1.0,1.0,1.0,1.0,2.0,0.0,0.5,0.0,1.0,1.0,3.0
Charles Bassey,PF,21,PHI,21,0,7.2,1.3,1.9,0.0,0.2,1.3,1.7,0.4,0.5,0.9,1.8,2.7,0.3,0.2,0.7,0.3,1.4,3.0
Keita Bates-Diop,SF,26,SAS,39,12,17.3,2.3,4.6,0.3,1.1,1.9,3.5,0.7,1.1,1.2,3.1,4.2,0.6,0.4,0.3,0.7,1.0,5.6
Nicolas Batum,PF,33,LAC,28,24,26.0,3.3,6.8,2.0,5.0,1.3,1.8,0.5,0.8,0.4,4.3,4.7,1.6,1.1,0.8,0.9,1.5,9.2
Kent Bazemore,SF,32,LAL,25,14,16.6,1.4,4.2,0.8,2.3,0.6,2.0,0.4,0.5,0.3,1.7,2.0,0.9,0.8,0.2,0.4,2.1,4.0
Darius Bazley,PF,21,OKC,41,29,25.9,3.3,8.4,0.9,3.5,2.4,5.0,1.4,2.0,1.1,5.2,6.2,1.1,0.7,1.2,1.3,1.0,8.9
Bradley Beal,SG,28,WAS,38,38,35.9,8.9,19.6,1.6,5.4,7.3,14.2,4.2,5.0,1.0,3.7,4.7,6.5,0.9,0.4,3.4,2.3,23.6
Malik Beasley,SG,25,MIN,46,9,26.7,4.4,11.7,3.0,8.5,1.4,3.2,0.5,0.6,0.4,2.7,3.1,1.6,0.5,0.1,0.7,1.2,12.2
Jordan Bell,C,27,CHI,1,0,2.0,0.0,0.0,0.0,0.0,0.0,0.0,0.0,0.0,1.0,0.0,1.0,0.0,1.0,0.0,0.0,2.0,0.0
DeAndre' Bembry,SF,27,BRK,40,16,19.2,2.4,4.1,0.3,0.7,2.1,3.4,0.4,0.7,0.7,2.4,3.1,1.2,1.0,0.5,0.6,2.0,5.5
Dāvis Bertāns,PF,29,WAS,32,0,15.3,1.8,5.3,1.4,4.4,0.4,0.8,0.8,0.9,0.2,1.7,1.9,0.5,0.3,0.2,0.4,1.6,6.0
Patrick Beverley,PG,33,MIN,32,28,26.1,3.1,7.6,1.2,3.9,1.9,3.7,1.3,1.9,1.2,3.3,4.5,5.0,1.2,0.9,1.2,2.8,8.7
Saddiq Bey,SF,22,DET,46,46,33.5,5.2,13.7,2.4,7.2,2.8,6.4,2.2,2.7,1.3,4.7,5.9,2.5,0.9,0.2,1.4,1.8,15.1
Khem Birch,C,29,TOR,23,7,21.0,2.2,4.5,0.0,0.3,2.2,4.1,1.3,1.8,2.7,2.5,5.2,1.2,0.8,0.5,0.7,1.7,5.8
Goga Bitadze,C,22,IND,27,2,10.0,1.4,3.6,0.2,1.4,1.2,2.2,0.8,1.3,1.3,1.5,2.8,0.4,0.4,0.6,0.5,1.5,3.9
Bismack Biyombo,C,29,PHO,8,0,20.1,4.1,5.9,0.0,0.0,4.1,5.9,1.9,3.0,3.1,3.8,6.9,1.4,0.9,1.3,1.0,2.1,10.1
Nemanja Bjelica,C,33,GSW,47,0,15.3,2.3,5.2,0.9,2.5,1.5,2.8,0.8,1.2,0.9,3.1,4.0,1.7,0.6,0.4,1.1,1.6,6.4
Eric Bledsoe,PG,32,LAC,48,29,25.7,3.6,8.6,1.0,3.0,2.7,5.7,1.6,2.1,0.5,2.8,3.4,4.2,1.3,0.4,2.2,1.5,9.8
Keljin Blevins,SF,26,POR,6,0,6.0,0.7,1.8,0.7,1.5,0.0,0.3,0.0,0.3,0.0,0.5,0.5,0.3,0.0,0.0,0.5,0.2,2.0
Bogdan Bogdanović,SG,29,ATL,28,26,28.7,4.4,10.8,2.2,6.3,2.2,4.5,1.0,1.3,0.3,3.4,3.8,2.6,0.7,0.2,1.0,1.9,12.0
Bojan Bogdanović,PF,32,UTA,46,46,30.8,6.2,13.2,2.5,6.5,3.7,6.8,3.3,3.8,0.8,3.4,4.2,1.7,0.5,0.0,1.6,1.7,18.1
Bol Bol,PF,22,DEN,13,0,6.2,1.2,2.1,0.1,0.3,1.1,1.8,0.2,0.2,0.3,1.2,1.5,0.4,0.1,0.2,0.3,0.3,2.5
Leandro Bolmaro,SF,21,MIN,24,2,7.8,0.4,1.3,0.1,0.5,0.3,0.8,0.3,0.4,0.6,0.8,1.5,0.5,0.2,0.0,0.5,0.9,1.2
Isaac Bonga,SF,22,TOR,12,0,5.3,0.3,1.1,0.1,0.3,0.2,0.8,0.3,0.5,0.3,0.3,0.6,0.3,0.6,0.2,0.2,0.8,0.9
Devin Booker,SG,25,PHO,38,38,33.2,8.7,19.8,2.6,6.8,6.1,13.1,4.3,4.9,0.8,4.5,5.3,4.4,1.0,0.3,2.5,2.5,24.3
Brandon Boston Jr.,SG,20,LAC,31,0,16.5,2.5,6.9,0.7,2.5,1.7,4.4,1.3,1.5,0.3,2.2,2.5,0.9,0.5,0.3,0.7,0.8,6.9
Chris Boucher,PF,29,TOR,42,7,19.9,3.3,7.4,0.8,3.0,2.5,4.4,1.8,2.4,2.2,3.7,6.0,0.3,0.7,1.0,0.7,2.0,9.3
James Bouknight,SG,21,CHO,20,0,8.6,1.4,3.9,0.6,1.6,0.9,2.3,0.6,0.7,0.7,0.8,1.5,0.9,0.1,0.0,0.4,0.8,3.9
Avery Bradley,SG,31,LAL,39,34,23.9,2.6,6.2,1.4,3.7,1.2,2.5,0.3,0.4,0.5,1.9,2.4,0.9,0.9,0.2,0.6,1.8,7.0
Tony Bradley,C,24,CHI,32,7,12.3,1.6,2.9,0.0,0.0,1.6,2.9,0.4,0.5,1.4,2.8,4.2,0.6,0.2,0.7,0.7,1.4,3.7
Ignas Brazdeikis,SF,23,ORL,21,0,9.2,1.0,2.7,0.4,1.3,0.6,1.4,0.4,0.5,0.4,1.0,1.4,0.7,0.2,0.0,0.3,1.0,2.7
Mikal Bridges,SF,25,PHO,45,45,34.0,4.9,9.6,1.4,3.7,3.5,5.9,1.1,1.2,1.0,3.1,4.1,2.0,1.3,0.4,0.8,1.9,12.2
Miles Bridges,PF,23,CHO,45,45,36.0,7.6,15.7,1.9,6.0,5.7,9.7,2.9,3.8,1.2,6.2,7.4,3.5,1.1,0.9,1.9,2.6,20.1
Oshae Brissett,SF,23,IND,36,1,18.6,2.4,5.6,0.9,2.5,1.5,3.1,0.8,1.2,1.3,2.7,3.9,0.7,0.5,0.3,0.7,1.3,6.4
Malcolm Brogdon,PG,29,IND,28,28,33.4,6.6,14.7,1.6,5.4,4.9,9.3,3.8,4.4,0.9,4.3,5.1,5.9,0.9,0.4,2.2,2.0,18.5
Armoni Brooks,SG,23,HOU,36,8,17.7,2.4,6.6,1.8,5.6,0.6,1.0,0.4,0.5,0.3,1.8,2.1,1.4,0.6,0.2,0.5,1.6,7.0
Dillon Brooks,SF,26,MEM,21,20,28.0,6.9,16.2,1.6,4.8,5.3,11.4,3.0,3.4,0.8,2.5,3.3,2.7,1.3,0.2,1.8,3.3,18.4
Bruce Brown,SF,25,BRK,37,18,21.3,2.8,5.7,0.3,0.9,2.5,4.8,0.7,0.9,1.3,3.1,4.4,1.1,1.1,0.5,0.7,2.6,6.5
Charlie Brown Jr.,SG,24,TOT,12,2,13.1,0.8,2.9,0.1,0.9,0.7,2.0,0.6,0.7,1.1,1.4,2.5,0.4,0.8,0.3,0.3,1.3,2.2
Charlie Brown Jr.,SG,24,DAL,3,0,5.0,0.3,1.7,0.0,1.0,0.3,0.7,0.0,0.0,0.0,0.3,0.3,0.3,0.7,0.3,0.0,0.7,0.7
Charlie Brown Jr.,SG,24,PHI,9,2,15.8,0.9,3.3,0.1,0.9,0.8,2.4,0.8,0.9,1.4,1.8,3.2,0.4,0.8,0.3,0.4,1.4,2.7
Chaundee Brown Jr.,SF,23,LAL,2,0,10.5,0.5,3.5,0.0,1.5,0.5,2.0,0.0,0.0,0.0,1.0,1.0,0.0,0.0,0.0,0.5,0.0,1.0
Chaundee Brown Jr.,SG,23,ATL,3,2,27.7,3.0,8.3,2.0,5.0,1.0,3.3,1.7,2.0,0.3,4.3,4.7,1.3,0.7,0.0,0.0,2.3,9.7
Greg Brown III,SF,20,POR,18,0,4.7,0.7,1.7,0.0,0.3,0.7,1.4,0.3,0.7,0.4,0.8,1.2,0.3,0.1,0.2,0.3,0.6,1.8
Jaylen Brown,SF,25,BOS,34,34,34.7,8.6,19.1,2.8,7.7,5.8,11.4,3.8,4.9,0.8,5.7,6.5,3.0,1.1,0.4,2.9,2.7,23.9
Moses Brown,C,22,DAL,25,1,6.6,1.1,2.0,0.0,0.0,1.1,2.0,1.1,1.7,0.6,1.7,2.4,0.0,0.1,0.3,0.6,1.1,3.2
Sterling Brown,SG,26,DAL,36,3,14.3,1.4,3.6,0.8,2.2,0.7,1.4,0.3,0.3,0.6,2.9,3.5,0.8,0.3,0.1,0.6,1.2,3.9
Troy Brown Jr.,SF,22,CHI,34,2,16.1,1.6,4.0,0.6,1.9,1.1,2.1,0.5,0.6,0.6,2.4,3.1,1.2,0.6,0.1,0.5,1.0,4.4
Jalen Brunson,PG,25,DAL,46,28,31.1,6.3,12.7,1.0,2.9,5.4,9.7,2.2,2.7,0.6,3.2,3.8,5.5,1.0,0.0,1.7,1.8,15.8
Thomas Bryant,C,24,WAS,6,0,14.3,2.8,6.2,0.7,2.3,2.2,3.8,0.8,1.5,1.3,1.8,3.2,0.7,0.3,0.5,0.2,1.5,7.2
Shaq Buchanan,PG,25,MEM,2,0,5.0,0.5,2.0,0.0,1.0,0.5,1.0,0.0,0.0,0.5,0.5,1.0,1.0,0.5,0.0,1.0,0.5,1.0
Reggie Bullock,SF,30,DAL,39,13,23.5,2.2,5.8,1.4,4.4,0.8,1.5,0.4,0.5,0.4,2.7,3.1,1.1,0.4,0.1,0.5,1.3,6.2
Trey Burke,PG,29,DAL,23,0,11.7,2.4,5.8,0.7,2.3,1.7,3.6,0.7,0.7,0.1,0.9,1.0,1.8,0.4,0.0,0.7,1.0,6.3
Alec Burks,SG,30,NYK,46,20,27.5,3.5,9.0,1.9,4.7,1.6,4.3,2.7,3.2,0.6,3.8,4.3,2.5,1.2,0.3,0.9,2.3,11.5
Jared Butler,SG,21,UTA,20,1,5.7,0.9,2.6,0.5,1.5,0.4,1.1,0.3,0.5,0.1,0.7,0.8,0.7,0.2,0.3,0.8,1.0,2.6
Jimmy Butler,SF,32,MIA,29,29,33.5,7.1,15.0,0.4,1.9,6.7,13.1,6.7,7.6,1.8,4.2,6.0,6.1,1.9,0.4,1.9,1.2,21.4
Devontae Cacok,PF,25,SAS,7,0,8.3,2.0,3.0,0.0,0.0,2.0,3.0,0.0,0.0,0.7,2.3,3.0,0.3,0.6,0.7,0.1,1.1,4.0
Kentavious Caldwell-Pope,SG,28,WAS,44,44,29.5,4.1,10.0,2.0,5.5,2.1,4.5,1.2,1.4,0.5,3.1,3.6,1.8,1.1,0.4,1.3,1.8,11.4
Facundo Campazzo,PG,30,DEN,44,4,21.8,2.2,5.6,1.1,3.6,1.0,2.1,1.1,1.3,0.4,1.7,2.1,4.0,1.2,0.4,1.2,2.2,6.5
Vlatko Čančar,PF,24,DEN,14,1,10.9,1.6,2.8,0.5,0.9,1.1,1.9,0.6,0.9,0.4,1.2,1.6,0.9,0.1,0.2,0.6,0.9,4.3
Clint Capela,C,27,ATL,38,37,29.5,5.2,9.1,0.0,0.0,5.2,9.0,1.2,2.6,4.0,8.8,12.8,1.4,0.8,1.4,0.6,2.4,11.5
Vernon Carey Jr.,C,20,CHO,4,1,4.3,0.8,1.5,0.0,0.0,0.8,1.5,0.5,0.8,0.8,0.5,1.3,0.0,0.3,0.0,0.3,0.3,2.0
Jevon Carter,PG,26,BRK,35,1,11.3,1.0,3.2,0.7,2.3,0.3,0.9,0.1,0.1,0.2,1.2,1.4,0.9,0.4,0.2,0.5,1.0,2.7
Wendell Carter Jr.,C,22,ORL,39,38,29.1,5.1,10.2,1.3,3.7,3.8,6.4,2.0,2.9,2.1,8.0,10.1,2.6,0.7,0.7,1.6,2.7,13.4
Alex Caruso,SG,27,CHI,28,9,27.7,2.8,6.5,1.1,3.1,1.7,3.4,1.7,2.1,0.9,3.0,3.9,3.9,1.9,0.4,1.4,2.4,8.4
Willie Cauley-Stein,C,28,DAL,18,2,9.8,0.9,1.9,0.1,0.1,0.8,1.8,0.1,0.1,0.7,1.4,2.1,0.5,0.3,0.2,0.4,0.9,1.9
Ahmad Caver,PG,25,IND,1,0,1.0,1.0,1.0,0.0,0.0,1.0,1.0,0.0,0.0,0.0,0.0,0.0,0.0,0.0,0.0,0.0,0.0,2.0
Justin Champagnie,SF,20,TOR,27,0,8.9,1.0,2.2,0.3,0.8,0.7,1.4,0.3,0.3,1.3,0.9,2.3,0.3,0.3,0.1,0.2,1.1,2.7
Zylan Cheatham,SF,26,UTA,1,0,5.0,0.0,3.0,0.0,2.0,0.0,1.0,0.0,0.0,0.0,0.0,0.0,0.0,0.0,0.0,0.0,0.0,0.0
Chris Chiozza,PG,26,GSW,23,1,10.7,0.7,2.5,0.6,1.6,0.1,0.9,0.0,0.0,0.3,0.8,1.2,1.7,0.3,0.0,0.9,1.0,2.0
Marquese Chriss,PF,24,DAL,14,0,10.6,2.4,4.0,0.4,1.0,2.0,3.0,0.7,1.1,0.7,2.7,3.4,0.3,0.1,0.3,0.8,2.4,6.0
Josh Christopher,SG,20,HOU,39,2,15.9,2.6,5.6,0.7,2.1,1.8,3.5,1.0,1.3,0.7,1.3,2.0,1.6,0.8,0.2,1.5,1.1,6.9
Gary Clark,PF,27,NOP,13,1,10.5,1.1,2.6,1.0,2.3,0.1,0.3,0.2,0.3,0.5,1.8,2.3,0.4,0.2,0.2,0.3,0.2,3.3
Brandon Clarke,PF,25,MEM,34,1,18.4,4.2,6.5,0.1,0.5,4.1,5.9,1.2,1.8,1.9,3.2,5.1,1.4,0.4,1.1,0.5,1.6,9.8
Jordan Clarkson,SG,29,UTA,46,0,26.2,5.5,13.9,2.5,7.8,3.0,6.1,1.6,2.0,0.7,2.7,3.5,2.3,0.7,0.3,1.6,1.8,15.2
Nic Claxton,C,22,BRK,20,14,22.2,4.0,6.1,0.0,0.0,4.0,6.1,1.2,2.0,1.9,3.6,5.5,1.0,0.6,1.2,0.8,2.5,9.2
Amir Coffey,SG,24,LAC,35,13,20.3,2.3,5.0,1.2,3.1,1.1,1.8,1.3,1.4,0.4,2.5,2.9,1.6,0.5,0.2,0.4,1.2,7.0
John Collins,PF,24,ATL,41,41,32.1,6.4,11.9,1.3,3.1,5.0,8.7,2.9,3.6,1.8,6.1,7.9,2.0,0.6,1.1,1.2,3.2,17.0
Darren Collison,PG,34,LAL,3,0,12.3,0.7,2.3,0.0,1.0,0.7,1.3,0.0,0.0,0.0,1.3,1.3,0.7,0.3,0.0,0.3,1.7,1.3
Mike Conley,PG,34,UTA,42,42,28.5,4.9,10.7,2.5,5.8,2.4,4.9,1.8,2.2,0.6,2.4,3.0,5.2,1.1,0.3,1.6,1.7,14.0
Pat Connaughton,SG,29,MIL,46,16,27.6,3.8,8.0,2.3,5.8,1.4,2.2,0.7,0.8,0.7,3.8,4.5,1.4,1.0,0.3,0.7,1.3,10.5
Tyler Cook,PF,24,CHI,11,2,13.3,1.5,2.4,0.0,0.0,1.5,2.4,1.3,1.7,0.9,2.5,3.4,0.3,0.4,0.3,0.5,2.0,4.2
Sharife Cooper,PG,20,ATL,10,0,3.5,0.3,1.4,0.1,0.6,0.2,0.8,0.0,0.0,0.0,0.5,0.5,0.5,0.0,0.0,0.5,0.1,0.7
Petr Cornelie,PF,26,DEN,13,0,2.9,0.4,1.2,0.1,0.6,0.3,0.5,0.2,0.3,0.5,0.5,1.1,0.2,0.1,0.1,0.3,0.5,1.1
DeMarcus Cousins,C,31,TOT,18,5,16.6,3.1,6.9,0.7,2.8,2.4,4.1,1.7,2.2,1.4,4.4,5.8,1.1,0.9,0.4,0.9,2.8,8.7
DeMarcus Cousins,C,31,MIL,17,5,16.9,3.2,6.9,0.8,2.8,2.5,4.1,1.8,2.2,1.4,4.4,5.8,1.1,0.9,0.5,0.9,2.7,9.1
DeMarcus Cousins,C,31,DEN,1,0,12.0,1.0,7.0,0.0,3.0,1.0,4.0,0.0,2.0,1.0,5.0,6.0,1.0,0.0,0.0,1.0,4.0,2.0
Robert Covington,PF,31,POR,43,35,29.2,2.7,7.0,1.7,4.8,1.0,2.2,0.5,0.7,0.8,4.7,5.6,1.2,1.4,1.3,1.1,2.6,7.7
Torrey Craig,SF,31,IND,42,5,18.2,2.3,4.9,0.7,2.4,1.5,2.5,0.6,0.7,1.2,2.5,3.7,1.1,0.5,0.3,0.7,1.7,5.9
Jae Crowder,PF,31,PHO,39,39,28.1,3.2,7.8,1.9,5.3,1.3,2.6,0.9,1.2,0.3,4.5,4.9,1.4,1.3,0.5,0.9,2.4,9.3
Jarrett Culver,SG,22,MEM,22,0,10.2,1.6,3.9,0.4,1.3,1.3,2.6,0.4,0.9,0.4,1.3,1.7,1.1,0.6,0.1,0.5,1.2,4.0
Jarron Cumberland,SG,24,POR,3,0,4.0,0.3,0.7,0.0,0.3,0.3,0.3,0.0,0.0,0.3,0.7,1.0,0.3,0.0,0.0,0.0,0.7,0.7
Cade Cunningham,PG,20,DET,37,37,32.1,5.9,14.7,2.1,6.4,3.9,8.4,1.8,2.1,0.9,4.5,5.4,5.2,1.3,0.6,3.6,2.9,15.7
Seth Curry,SG,31,PHI,40,40,34.8,6.0,11.8,2.3,5.5,3.7,6.3,1.6,1.8,0.4,3.0,3.4,4.0,0.8,0.2,1.9,2.2,15.8
Stephen Curry,PG,33,GSW,43,43,34.7,8.4,20.1,4.8,12.8,3.6,7.3,4.4,4.8,0.6,4.7,5.3,6.2,1.4,0.5,3.2,2.0,26.0
Anthony Davis,C,28,LAL,27,27,35.4,9.3,17.9,0.4,2.1,8.9,15.8,4.3,6.0,2.7,7.1,9.9,2.9,1.2,2.0,2.2,2.3,23.3
Ed Davis,C,32,CLE,13,2,8.7,0.7,0.9,0.0,0.0,0.7,0.9,0.1,0.5,0.4,2.5,2.8,0.1,0.2,0.5,0.2,1.3,1.5
Terence Davis,SG,24,SAC,29,10,18.2,3.8,9.0,1.7,5.1,2.2,4.0,1.2,1.4,0.4,2.8,3.2,1.3,0.9,0.4,1.1,2.4,10.5
Gabriel Deck,PF,26,OKC,7,0,8.0,1.1,2.0,0.3,0.6,0.9,1.4,0.0,0.0,0.1,0.7,0.9,0.7,0.1,0.0,0.3,0.3,2.6
Dewayne Dedmon,C,32,MIA,40,15,16.8,2.7,4.5,0.3,0.5,2.4,3.9,1.1,1.4,1.9,4.3,6.2,0.8,0.4,0.5,1.0,2.2,6.7
Sam Dekker,PF,27,TOR,1,0,1.0,0.0,0.0,0.0,0.0,0.0,0.0,0.0,0.0,0.0,0.0,0.0,0.0,0.0,0.0,0.0,0.0,0.0
Javin DeLaurier,C,23,MIL,1,0,3.0,0.0,0.0,0.0,0.0,0.0,0.0,0.0,0.0,0.0,1.0,1.0,0.0,1.0,0.0,0.0,1.0,0.0
DeMar DeRozan,PF,32,CHI,42,42,34.8,9.5,19.1,0.6,1.8,8.9,17.4,6.8,7.9,0.8,4.2,5.0,4.8,0.8,0.4,2.2,2.2,26.3
Mamadi Diakite,PF,25,OKC,6,0,12.5,1.5,3.0,0.0,0.0,1.5,3.0,0.0,0.3,1.0,2.5,3.5,0.0,0.3,0.3,0.5,2.2,3.0
Cheick Diallo,C,25,DET,3,0,10.3,1.0,2.7,0.0,0.0,1.0,2.7,1.7,2.0,1.3,2.7,4.0,0.0,0.3,0.0,0.3,2.0,3.7
Hamidou Diallo,SG,23,DET,39,22,22.5,4.5,8.7,0.4,1.5,4.1,7.2,1.4,2.2,1.1,3.5,4.6,1.3,1.2,0.4,1.1,2.5,10.7
Gorgui Dieng,C,32,ATL,32,3,9.7,1.2,2.6,0.6,1.4,0.6,1.2,0.5,0.7,0.9,2.3,3.2,0.9,0.3,0.4,0.5,1.4,3.6
Spencer Dinwiddie,PG,28,WAS,38,38,30.5,4.5,11.5,1.7,5.3,2.8,6.1,2.8,3.4,0.8,3.8,4.5,5.8,0.6,0.2,1.6,2.4,13.5
Donte DiVincenzo,SG,25,MIL,10,0,18.9,1.8,6.7,1.3,4.5,0.5,2.2,1.9,2.1,1.3,2.9,4.2,1.5,0.6,0.3,1.3,1.7,6.8
Luka Dončić,PG,22,DAL,32,32,35.2,9.2,21.0,2.3,7.9,6.9,13.1,4.9,6.5,0.8,8.0,8.8,8.7,1.2,0.5,4.6,2.3,25.6
Luguentz Dort,SF,22,OKC,42,42,32.2,5.5,13.8,2.4,7.5,3.0,6.3,2.8,3.3,0.6,3.3,3.9,1.6,0.9,0.4,1.6,2.9,16.1
Ayo Dosunmu,SG,22,CHI,41,7,22.2,2.9,5.3,0.8,1.9,2.0,3.5,0.6,1.0,0.4,2.1,2.5,1.8,0.5,0.4,1.1,1.9,7.1
Damyean Dotson,SG,27,NYK,2,0,10.5,1.0,2.0,0.0,0.5,1.0,1.5,0.0,0.0,0.0,1.0,1.0,0.5,0.0,0.0,0.0,0.0,2.0
Devon Dotson,PG,22,CHI,11,0,7.7,1.0,2.1,0.2,0.8,0.8,1.3,0.5,0.8,0.1,0.7,0.8,1.4,0.1,0.0,0.5,1.0,2.6
Sekou Doumbouya,PF,21,LAL,2,0,8.0,2.5,4.0,0.5,1.0,2.0,3.0,1.5,2.0,1.0,2.0,3.0,0.0,1.5,1.0,1.0,0.5,7.0
Jeff Dowtin,PG,24,TOT,5,0,6.2,0.6,1.4,0.0,0.4,0.6,1.0,0.0,0.0,0.2,1.2,1.4,0.6,0.0,0.2,0.2,0.4,1.2
Jeff Dowtin,PG,24,GSW,4,0,7.0,0.8,1.5,0.0,0.3,0.8,1.3,0.0,0.0,0.3,1.5,1.8,0.8,0.0,0.3,0.3,0.5,1.5
Jeff Dowtin,PG,24,MIL,1,0,3.0,0.0,1.0,0.0,1.0,0.0,0.0,0.0,0.0,0.0,0.0,0.0,0.0,0.0,0.0,0.0,0.0,0.0
PJ Dozier,SG,25,DEN,18,0,18.9,2.0,5.5,0.8,2.7,1.2,2.8,0.6,0.7,0.8,2.7,3.5,1.6,0.6,0.3,0.7,1.8,5.4
Goran Dragić,PG,35,TOR,5,2,18.0,2.6,6.8,0.8,2.8,1.8,4.0,2.0,2.0,0.4,2.4,2.8,1.8,1.0,0.2,0.2,1.6,8.0
Andre Drummond,C,28,PHI,41,11,18.5,2.6,5.0,0.0,0.0,2.6,4.9,1.0,1.9,2.8,6.0,8.8,1.8,1.1,1.0,1.7,2.5,6.3
Chris Duarte,SG,24,IND,39,27,29.1,5.2,11.8,1.8,5.1,3.4,6.7,1.3,1.9,0.7,3.4,4.1,2.3,1.1,0.2,1.7,1.7,13.6
David Duke Jr.,PG,22,BRK,14,7,17.4,2.1,5.6,0.5,1.8,1.6,3.8,1.0,1.2,1.9,2.1,4.1,0.9,0.5,0.4,0.6,2.0,5.6
Kevin Durant,PF,33,BRK,36,36,36.5,10.5,20.3,1.9,5.0,8.7,15.3,6.3,7.1,0.6,6.9,7.4,5.8,0.8,0.9,3.0,1.9,29.3
Jaime Echenique,C,24,WAS,1,0,3.0,0.0,0.0,0.0,0.0,0.0,0.0,0.0,0.0,0.0,0.0,0.0,0.0,0.0,0.0,0.0,0.0,0.0
Anthony Edwards,SG,20,MIN,40,40,35.0,8.1,18.2,3.3,8.7,4.8,9.5,2.8,3.5,1.0,4.1,5.1,3.6,1.5,0.7,3.1,2.3,22.2
Kessler Edwards,SF,21,BRK,15,8,25.8,3.3,7.3,1.5,3.6,1.8,3.7,0.1,0.1,1.2,3.0,4.2,0.8,0.9,0.7,1.0,2.1,8.3
Rob Edwards,SG,25,OKC,2,0,5.5,0.5,2.0,0.5,2.0,0.0,0.0,0.0,0.0,0.0,1.5,1.5,0.0,0.0,0.0,0.5,0.0,1.5
CJ Elleby,SF,21,POR,26,0,10.9,1.4,3.2,0.5,1.5,0.9,1.7,0.5,0.6,0.6,1.5,2.0,0.7,0.5,0.1,0.4,1.3,3.8
Wayne Ellington,SG,34,LAL,31,8,19.8,2.1,5.3,1.9,4.9,0.3,0.5,0.1,0.2,0.2,1.4,1.6,0.7,0.5,0.1,0.5,1.0,6.3
Joel Embiid,C,27,PHI,35,35,32.8,9.3,18.7,1.3,3.4,8.0,15.4,8.7,10.6,2.0,8.7,10.7,4.3,1.0,1.4,2.9,2.6,28.7
James Ennis III,SF,31,TOT,7,0,8.0,1.6,3.4,0.4,1.1,1.1,2.3,0.6,0.7,0.7,1.0,1.7,0.4,0.3,0.3,0.3,0.7,4.1
James Ennis III,SF,31,BRK,2,0,7.0,1.0,3.5,0.5,1.0,0.5,2.5,0.0,0.0,1.0,1.5,2.5,0.0,0.5,0.5,0.0,0.0,2.5
James Ennis III,SF,31,LAC,2,0,14.0,3.5,5.5,1.0,2.0,2.5,3.5,2.0,2.0,1.0,1.5,2.5,0.0,0.5,0.5,0.5,2.0,10.0
James Ennis III,SF,31,DEN,3,0,4.7,0.7,2.0,0.0,0.7,0.7,1.3,0.0,0.3,0.3,0.3,0.7,1.0,0.0,0.0,0.3,0.3,1.3
Drew Eubanks,C,24,SAS,42,8,12.2,1.6,3.2,0.0,0.1,1.6,3.0,1.3,1.7,1.2,2.7,3.9,1.0,0.3,0.6,1.0,1.3,4.5
Tacko Fall,C,26,CLE,11,1,5.4,0.5,1.1,0.0,0.0,0.5,1.1,0.2,0.6,0.6,1.5,2.1,0.2,0.0,0.5,0.3,0.3,1.1
Derrick Favors,C,30,OKC,31,13,16.0,2.4,4.7,0.1,0.4,2.3,4.4,0.3,0.6,1.5,3.2,4.7,0.8,0.4,0.2,0.2,1.5,5.1
Bruno Fernando,C,23,BOS,14,0,2.7,0.3,0.4,0.0,0.0,0.3,0.4,0.1,0.2,0.2,0.4,0.6,0.1,0.0,0.1,0.4,0.4,0.7
Dorian Finney-Smith,PF,28,DAL,46,46,32.2,3.8,8.6,1.9,5.1,1.9,3.4,0.8,1.2,1.6,3.3,4.9,2.0,1.2,0.5,1.0,2.3,10.3
Malik Fitts,PF,24,UTA,7,0,5.0,0.3,1.3,0.3,0.6,0.0,0.7,0.0,0.0,0.0,1.4,1.4,0.0,0.0,0.0,0.3,0.4,0.9
Malachi Flynn,PG,23,TOR,27,1,8.6,1.1,3.2,0.4,1.6,0.7,1.6,0.1,0.3,0.2,0.8,1.0,0.9,0.4,0.1,0.3,0.9,2.8
Bryn Forbes,SG,28,TOT,42,1,17.0,3.2,7.6,1.6,3.8,1.7,3.8,1.1,1.2,0.1,1.4,1.5,1.0,0.4,0.1,0.8,1.2,9.1
Bryn Forbes,SG,28,SAS,40,1,16.9,3.2,7.4,1.6,3.8,1.6,3.6,1.1,1.2,0.1,1.5,1.6,1.0,0.4,0.1,0.8,1.1,9.1
Bryn Forbes,SG,28,DEN,2,0,20.0,4.0,11.0,1.5,4.0,2.5,7.0,1.0,1.0,0.5,0.5,1.0,0.5,0.0,0.0,0.0,4.0,10.5
Aleem Ford,SF,24,ORL,5,0,14.8,1.2,4.0,0.4,3.0,0.8,1.0,0.0,0.0,0.4,2.6,3.0,0.4,0.2,0.0,0.8,1.4,2.8
Trent Forrest,PG,23,UTA,36,2,9.4,0.7,1.4,0.0,0.1,0.7,1.2,0.5,0.7,0.3,1.2,1.5,1.1,0.3,0.1,0.7,0.5,1.9
Evan Fournier,SG,29,NYK,45,45,29.0,5.0,11.8,2.7,7.0,2.2,4.9,1.0,1.4,0.5,2.4,2.9,1.8,0.9,0.2,1.3,1.9,13.7
De'Aaron Fox,PG,24,SAC,43,43,34.1,7.9,17.2,0.9,3.7,7.0,13.5,4.4,5.9,0.5,3.3,3.8,5.2,1.2,0.4,2.8,2.8,21.0
Tim Frazier,PG,31,ORL,10,3,20.0,1.3,4.3,0.6,1.7,0.7,2.6,0.5,0.9,0.5,1.4,1.9,3.3,0.3,0.1,1.3,2.4,3.7
Enes Freedom,C,29,BOS,31,1,12.4,1.5,2.8,0.0,0.1,1.5,2.7,0.7,0.8,1.8,2.8,4.6,0.2,0.2,0.5,0.5,1.2,3.8
Wenyen Gabriel,PF,24,TOT,7,0,6.7,0.7,1.9,0.3,0.7,0.4,1.1,0.3,0.6,0.7,1.4,2.1,0.3,0.1,0.3,0.4,1.6,2.0
Wenyen Gabriel,PF,24,BRK,1,0,1.0,0.0,0.0,0.0,0.0,0.0,0.0,0.0,0.0,0.0,1.0,1.0,0.0,0.0,0.0,0.0,0.0,0.0
Wenyen Gabriel,PF,24,LAC,6,0,7.7,0.8,2.2,0.3,0.8,0.5,1.3,0.3,0.7,0.8,1.5,2.3,0.3,0.2,0.3,0.5,1.8,2.3
Daniel Gafford,C,23,WAS,44,44,21.4,3.9,5.6,0.0,0.0,3.9,5.6,1.3,1.8,2.2,4.0,6.2,1.0,0.4,1.6,0.9,2.4,9.1
Danilo Gallinari,PF,33,ATL,36,1,23.1,3.3,8.0,1.7,4.2,1.7,3.8,2.1,2.3,0.6,3.8,4.3,1.4,0.4,0.2,0.6,1.4,10.4
Langston Galloway,SG,30,TOT,7,0,15.3,0.9,3.7,0.3,2.3,0.6,1.4,0.0,0.0,0.4,2.1,2.6,1.7,0.1,0.0,0.9,1.0,2.0
Langston Galloway,SG,30,BRK,4,0,14.5,1.3,3.3,0.5,2.0,0.8,1.3,0.0,0.0,0.3,1.8,2.0,1.3,0.0,0.0,1.3,1.3,3.0
Langston Galloway,SG,30,MIL,3,0,16.3,0.3,4.3,0.0,2.7,0.3,1.7,0.0,0.0,0.7,2.7,3.3,2.3,0.3,0.0,0.3,0.7,0.7
Darius Garland,PG,22,CLE,41,41,34.8,7.5,16.0,2.5,6.8,5.0,9.2,2.3,2.5,0.6,2.8,3.3,8.1,1.2,0.1,3.7,1.8,19.8
Marcus Garrett,SG,23,MIA,12,0,10.7,0.4,1.8,0.1,0.3,0.3,1.4,0.2,0.4,0.8,1.2,1.9,0.6,0.4,0.3,0.2,1.3,1.1
Usman Garuba,PF,19,HOU,15,0,7.0,0.5,1.6,0.1,0.9,0.4,0.7,0.1,0.1,0.6,1.7,2.3,0.5,0.5,0.4,0.2,0.6,1.3
Luka Garza,C,23,DET,27,5,12.1,1.9,4.3,0.5,1.5,1.4,2.9,1.0,1.6,1.7,1.3,3.1,0.6,0.3,0.1,0.6,1.7,5.3
Rudy Gay,PF,35,UTA,29,0,19.8,3.1,7.4,1.6,4.3,1.6,3.1,1.3,1.6,1.0,3.7,4.7,1.1,0.6,0.3,0.7,1.9,9.2
Paul George,SF,31,LAC,26,26,35.5,9.0,21.4,2.7,8.3,6.3,13.0,4.0,4.5,0.4,6.7,7.1,5.5,2.0,0.4,4.2,2.5,24.7
Taj Gibson,C,36,NYK,30,3,18.7,1.4,2.8,0.1,0.5,1.3,2.3,0.6,0.9,1.6,2.8,4.4,0.7,0.4,0.9,0.7,2.7,3.6
Josh Giddey,SG,19,OKC,41,41,30.8,4.8,11.9,1.1,4.0,3.7,7.9,0.8,1.2,1.7,5.7,7.4,6.2,1.0,0.4,2.9,1.7,11.5
Shai Gilgeous-Alexander,PG,23,OKC,41,41,34.9,7.8,18.6,1.6,5.7,6.2,12.9,5.6,6.8,0.7,4.1,4.8,5.4,1.1,0.8,2.4,2.4,22.8
Anthony Gill,PF,29,WAS,18,0,6.3,1.0,1.5,0.3,0.4,0.7,1.1,0.6,0.7,0.4,0.9,1.4,0.4,0.1,0.1,0.3,1.1,2.8
Freddie Gillespie,PF,24,ORL,9,2,13.2,1.0,2.4,0.0,0.1,1.0,2.3,0.3,0.8,1.4,2.6,4.0,0.6,0.3,1.0,0.6,2.0,2.3
Rudy Gobert,C,29,UTA,42,42,32.5,5.6,8.0,0.0,0.0,5.6,7.9,4.7,6.8,3.7,11.4,15.1,1.2,0.8,2.3,1.8,2.7,16.0
Brandon Goodwin,PG,26,CLE,9,0,15.1,2.1,5.7,0.4,1.7,1.7,4.0,0.3,1.1,0.7,1.7,2.3,3.2,1.0,0.0,0.7,1.2,5.0
Jordan Goodwin,SG,23,WAS,2,0,3.0,0.0,1.5,0.0,0.5,0.0,1.0,0.0,0.0,0.0,0.5,0.5,0.0,0.0,0.0,0.0,0.5,0.0
Aaron Gordon,PF,26,DEN,42,42,32.0,5.5,10.5,1.1,3.2,4.4,7.3,2.3,3.1,1.7,3.9,5.6,2.5,0.7,0.6,1.7,1.9,14.4
Eric Gordon,SG,33,HOU,40,29,29.5,5.2,10.3,2.4,5.2,2.9,5.1,2.0,2.7,0.2,1.7,1.9,3.2,0.6,0.4,2.1,1.1,14.8
Devonte' Graham,PG,26,NOP,42,42,31.3,4.6,12.5,3.0,8.5,1.5,4.0,1.6,2.0,0.5,2.1,2.6,4.5,1.0,0.2,1.6,1.4,13.8
Jerami Grant,PF,27,DET,24,24,33.2,6.6,15.9,1.8,5.3,4.8,10.6,5.2,6.1,1.0,3.9,4.8,2.6,1.1,1.1,2.1,2.3,20.1
Hassani Gravett,PG,25,ORL,8,3,21.4,2.3,4.8,1.4,3.3,0.9,1.5,0.4,0.5,0.1,2.5,2.6,2.5,0.6,0.1,1.1,1.6,6.3
Danny Green,SF,34,PHI,29,21,23.7,2.3,5.6,1.8,4.8,0.4,0.8,0.3,0.3,0.6,2.0,2.6,1.1,1.3,0.9,0.9,1.8,6.7
Draymond Green,PF,31,GSW,34,34,29.9,3.2,5.9,0.4,1.2,2.8,4.7,1.2,2.0,1.1,6.4,7.6,7.4,1.4,1.2,3.1,2.8,7.9
Jalen Green,SG,19,HOU,32,32,29.8,4.8,12.7,1.8,6.2,3.0,6.5,2.9,3.5,0.4,2.8,3.2,2.2,0.5,0.2,2.4,1.4,14.4
JaMychal Green,PF,31,DEN,35,7,14.9,2.1,4.8,0.5,2.2,1.5,2.6,1.0,1.2,0.9,2.8,3.7,0.8,0.7,0.5,0.9,2.2,5.7
Javonte Green,SF,28,CHI,29,18,22.2,2.1,4.3,0.4,1.1,1.7,3.2,1.1,1.4,1.5,2.7,4.2,1.0,0.8,0.4,0.6,2.1,5.8
Jeff Green,C,35,DEN,41,29,25.2,4.0,7.7,0.8,2.4,3.1,5.2,2.0,2.5,0.5,2.7,3.2,1.3,0.3,0.5,1.0,2.3,10.7
Josh Green,SG,21,DAL,32,0,12.2,1.7,3.0,0.2,0.7,1.4,2.3,0.4,0.7,0.6,1.3,1.8,1.1,0.5,0.2,0.4,1.5,4.0
Blake Griffin,PF,32,BRK,36,20,18.2,2.2,5.7,0.6,2.7,1.6,3.1,1.1,1.5,1.1,3.3,4.4,2.1,0.5,0.3,0.4,2.0,6.0
Quentin Grimes,SG,21,NYK,29,2,14.8,1.8,4.6,1.4,3.6,0.4,0.9,0.2,0.3,0.3,1.1,1.5,1.0,0.6,0.1,0.6,1.4,5.3
Kyle Guy,SG,24,MIA,9,0,15.2,2.6,5.3,1.3,3.2,1.2,2.1,0.4,0.6,0.1,1.0,1.1,1.7,0.4,0.1,0.7,1.2,6.9
Rui Hachimura,PF,23,WAS,8,0,16.0,2.9,7.0,0.8,2.1,2.1,4.9,1.5,2.0,0.3,3.9,4.1,0.6,0.3,0.1,0.5,0.5,8.0
Tyrese Haliburton,SG,21,SAC,44,44,34.1,5.2,11.1,2.1,4.8,3.1,6.3,1.4,1.8,0.8,3.2,3.9,7.2,1.6,0.7,2.2,1.5,14.0
Tyler Hall,SG,24,NYK,1,0,2.0,0.0,0.0,0.0,0.0,0.0,0.0,0.0,0.0,0.0,0.0,0.0,0.0,0.0,0.0,0.0,0.0,0.0
R.J. Hampton,SG,20,ORL,42,1,19.4,2.5,6.7,0.9,2.5,1.6,4.1,1.1,1.9,0.3,2.6,2.9,2.4,0.7,0.2,1.3,1.5,7.2
Tim Hardaway Jr.,SG,29,DAL,41,20,30.1,5.0,12.8,2.5,7.3,2.6,5.5,1.8,2.4,0.3,3.5,3.8,2.2,0.9,0.1,0.8,1.8,14.3
James Harden,PG,32,BRK,41,41,37.0,6.7,15.9,2.4,7.0,4.3,8.9,7.0,8.1,0.9,7.0,8.0,10.1,1.3,0.7,4.8,2.4,22.7
Maurice Harkless,SF,28,SAC,30,14,18.4,1.6,3.5,0.5,2.0,1.0,1.5,0.3,0.5,0.2,2.1,2.3,0.5,0.4,0.6,0.6,1.5,4.0
Jared Harper,PG,24,NOP,2,0,5.0,1.5,3.5,0.5,1.0,1.0,2.5,0.0,0.0,0.5,0.0,0.5,1.5,0.0,0.5,0.5,1.0,3.5
Montrezl Harrell,C,28,WAS,40,3,24.6,5.4,8.3,0.1,0.4,5.3,7.9,3.3,4.5,2.2,4.9,7.0,2.1,0.5,0.7,1.1,2.0,14.2
Gary Harris,SG,27,ORL,40,30,29.7,4.3,9.7,1.7,4.9,2.6,4.9,1.3,1.6,0.7,1.6,2.3,1.8,0.9,0.2,1.2,2.0,11.6
Joe Harris,SF,30,BRK,14,14,30.2,4.0,8.9,2.9,6.3,1.1,2.6,0.4,0.4,0.4,3.6,4.0,1.0,0.5,0.1,1.1,2.2,11.3
Tobias Harris,PF,29,PHI,37,37,35.0,6.9,15.0,1.1,3.6,5.8,11.4,3.2,3.8,1.1,6.3,7.4,3.8,0.6,0.6,1.6,2.1,18.2
Shaquille Harrison,SG,28,BRK,2,0,11.5,1.0,3.0,0.0,1.0,1.0,2.0,0.0,0.0,0.5,1.5,2.0,1.5,0.5,0.5,1.0,1.5,2.0
Josh Hart,PF,26,NOP,36,35,33.2,4.8,9.3,1.0,3.0,3.8,6.3,2.6,3.6,1.4,6.1,7.5,4.3,1.0,0.3,1.9,2.9,13.3
Isaiah Hartenstein,C,23,LAC,34,0,15.6,3.1,4.7,0.1,0.1,3.1,4.6,1.1,1.6,1.6,2.6,4.2,1.8,0.8,1.2,0.9,2.5,7.4
Udonis Haslem,C,41,MIA,8,0,6.5,1.3,2.5,0.1,0.3,1.1,2.3,0.4,0.4,0.5,1.6,2.1,0.3,0.1,0.1,0.3,1.4,3.0
Sam Hauser,SF,24,BOS,7,0,4.4,0.4,1.6,0.4,1.6,0.0,0.0,0.0,0.0,0.1,0.4,0.6,0.1,0.1,0.1,0.0,0.1,1.3
Jaxson Hayes,C,21,NOP,33,0,14.0,2.5,4.2,0.2,0.5,2.3,3.8,1.8,2.4,1.3,2.1,3.4,0.4,0.3,0.7,0.6,1.9,6.8
Killian Hayes,PG,20,DET,34,33,25.5,2.3,6.5,0.9,2.8,1.4,3.7,0.8,1.0,0.5,2.5,3.0,3.7,1.1,0.5,1.6,2.5,6.2
Gordon Hayward,SF,31,CHO,45,45,33.1,6.2,13.1,1.8,4.6,4.3,8.4,2.8,3.3,0.8,3.9,4.7,3.7,1.0,0.5,1.7,1.8,17.0
Aaron Henry,SF,22,PHI,6,0,2.8,0.2,0.8,0.0,0.2,0.2,0.7,0.0,0.0,0.0,0.2,0.2,0.0,0.0,0.3,0.3,0.3,0.3
Juancho Hernangómez,PF,26,TOT,19,0,5.2,0.3,1.4,0.2,0.9,0.1,0.5,0.3,0.5,0.5,0.8,1.4,0.2,0.2,0.1,0.4,0.4,1.0
Juancho Hernangómez,PF,26,BOS,18,0,5.3,0.3,1.5,0.2,1.0,0.1,0.5,0.3,0.5,0.5,0.9,1.4,0.2,0.2,0.1,0.3,0.4,1.1
Juancho Hernangómez,PF,26,SAS,1,0,2.0,0.0,0.0,0.0,0.0,0.0,0.0,0.0,0.0,1.0,0.0,1.0,0.0,0.0,0.0,1.0,0.0,0.0
Willy Hernangómez,C,27,NOP,22,3,15.5,3.2,5.7,0.1,0.1,3.1,5.5,1.6,2.3,2.5,4.5,7.0,1.3,0.4,0.2,0.9,1.8,8.1
Tyler Herro,SG,22,MIA,38,10,32.9,7.6,17.8,2.6,6.8,5.0,11.0,2.8,3.2,0.7,4.2,4.9,4.0,0.6,0.2,2.8,1.4,20.7
Buddy Hield,SG,29,SAC,48,6,29.1,5.0,12.8,3.5,9.1,1.5,3.7,1.6,1.9,0.7,3.2,3.9,2.0,0.9,0.3,1.5,2.1,15.1
Haywood Highsmith,SF,25,MIA,4,0,10.5,1.0,2.0,1.0,1.8,0.0,0.3,0.0,0.0,0.5,0.8,1.3,0.0,0.0,0.3,0.0,0.8,3.0
George Hill,SG,35,MIL,39,16,25.8,2.6,5.8,0.9,2.9,1.6,2.9,1.2,1.2,0.9,2.4,3.3,2.5,0.7,0.1,0.9,1.4,7.2
Malcolm Hill,SG,26,ATL,3,0,15.3,1.7,2.7,1.0,1.7,0.7,1.0,1.3,1.3,0.7,1.3,2.0,0.3,1.3,0.3,0.0,2.3,5.7
Malcolm Hill,SF,26,CHI,5,0,11.8,1.2,2.8,0.6,1.8,0.6,1.0,0.8,1.2,0.8,1.0,1.8,0.4,0.0,0.0,0.2,1.6,3.8
Solomon Hill,PF,30,ATL,13,1,10.7,0.2,1.5,0.2,1.0,0.1,0.5,0.0,0.0,0.5,1.3,1.8,0.9,0.3,0.2,0.1,1.2,0.6
Nate Hinton,SG,22,IND,2,0,1.0,0.0,0.5,0.0,0.0,0.0,0.5,0.0,0.0,0.0,0.0,0.0,0.0,0.0,0.0,0.5,0.0,0.0
Jaylen Hoard,SF,22,OKC,1,0,2.0,0.0,1.0,0.0,0.0,0.0,1.0,0.0,0.0,1.0,1.0,2.0,0.0,0.0,0.0,0.0,0.0,0.0
Aaron Holiday,PG,25,WAS,36,10,15.8,2.4,5.2,0.6,1.6,1.9,3.6,0.6,0.7,0.2,1.4,1.6,1.9,0.5,0.2,0.9,1.5,6.1
Jrue Holiday,PG,31,MIL,36,33,32.6,7.3,14.8,1.8,4.6,5.5,10.1,1.8,2.5,0.9,3.7,4.6,6.4,1.5,0.6,2.7,1.8,18.2
Justin Holiday,SF,32,IND,41,32,28.7,3.8,9.3,2.6,7.0,1.2,2.3,0.7,0.9,0.3,2.5,2.8,1.7,0.7,0.4,1.0,2.2,11.0
Richaun Holmes,C,28,SAC,30,30,25.8,5.3,7.5,0.1,0.1,5.2,7.3,1.8,2.2,2.3,5.8,8.2,1.2,0.4,1.1,1.4,3.0,12.4
Rodney Hood,SF,29,MIL,35,0,15.7,1.3,3.5,0.7,2.2,0.6,1.3,0.4,0.4,0.3,1.5,1.9,0.8,0.3,0.1,0.2,0.7,3.6
Scotty Hopson,SG,32,OKC,1,0,18.0,2.0,4.0,0.0,1.0,2.0,3.0,0.0,0.0,0.0,1.0,1.0,1.0,0.0,0.0,2.0,1.0,4.0
Al Horford,C,35,BOS,39,39,29.1,4.0,9.0,1.2,4.2,2.8,4.8,1.4,1.7,1.5,5.8,7.4,3.6,0.6,1.3,1.1,2.2,10.6
Talen Horton-Tucker,SG,21,LAL,31,15,26.9,4.0,9.6,0.8,3.2,3.2,6.5,1.6,2.1,0.6,2.8,3.5,2.7,0.9,0.5,1.5,2.7,10.5
Danuel House Jr.,SF,28,TOT,21,1,14.3,1.5,4.3,0.7,2.2,0.9,2.1,0.9,1.0,0.3,2.1,2.4,1.2,0.3,0.3,0.9,1.0,4.6
Danuel House Jr.,SF,28,HOU,16,1,14.6,1.6,4.6,0.6,2.1,0.9,2.5,1.1,1.2,0.3,2.4,2.7,1.2,0.3,0.3,1.1,1.0,4.8
Danuel House Jr.,SF,28,NYK,1,0,3.0,0.0,1.0,0.0,1.0,0.0,0.0,0.0,0.0,0.0,0.0,0.0,0.0,0.0,0.0,0.0,0.0,0.0
Danuel House Jr.,SF,28,UTA,4,0,16.3,1.8,4.0,1.0,2.8,0.8,1.3,0.5,0.5,0.5,1.5,2.0,1.5,0.3,0.3,0.3,1.5,5.0
Dwight Howard,C,36,LAL,37,11,14.9,1.9,3.0,0.2,0.2,1.7,2.8,1.3,2.0,1.9,3.5,5.4,0.6,0.7,0.6,0.8,2.0,5.2
Markus Howard,SG,22,DEN,17,0,6.9,1.4,3.8,1.1,2.8,0.2,0.9,0.4,0.5,0.0,0.3,0.3,0.3,0.4,0.0,0.4,0.6,4.2
Kevin Huerter,SG,23,ATL,39,25,29.1,4.5,9.9,1.8,5.0,2.7,4.9,0.6,0.8,0.4,3.0,3.4,2.9,0.5,0.3,1.3,2.0,11.5
Jay Huff,C,23,LAL,4,0,5.0,0.0,0.8,0.0,0.5,0.0,0.3,0.0,0.0,0.3,0.8,1.0,0.3,0.3,0.3,0.3,0.3,0.0
Elijah Hughes,SF,23,UTA,10,1,6.2,1.0,1.9,0.7,1.4,0.3,0.5,0.3,0.3,0.0,0.9,0.9,0.4,0.2,0.0,0.4,0.4,3.0
De'Andre Hunter,SF,24,ATL,18,17,29.3,5.0,10.9,1.6,4.1,3.4,6.8,1.6,2.2,0.4,2.9,3.3,1.0,0.7,0.6,1.4,2.7,13.2
Chandler Hutchison,SF,25,PHO,6,0,3.7,0.2,0.3,0.0,0.0,0.2,0.3,0.3,0.3,0.0,0.8,0.8,0.3,0.0,0.0,0.7,0.2,0.7
Bones Hyland,PG,21,DEN,34,0,17.6,2.9,8.0,1.7,5.0,1.2,3.0,1.0,1.1,0.2,2.3,2.5,1.7,0.5,0.3,1.1,2.1,8.5
Serge Ibaka,C,32,LAC,29,8,15.4,2.6,5.5,0.8,2.0,1.8,3.5,0.5,0.8,1.2,3.0,4.2,1.1,0.2,0.7,1.0,1.7,6.4
Andre Iguodala,SF,38,GSW,25,0,20.5,1.6,4.0,0.5,2.4,1.0,1.6,0.5,0.6,0.8,2.6,3.4,3.9,0.8,0.8,0.9,1.0,4.2
Joe Ingles,SF,34,UTA,42,12,25.3,2.7,6.5,1.8,5.1,0.9,1.4,0.4,0.5,0.3,2.6,2.9,3.6,0.5,0.1,1.1,1.8,7.5
Brandon Ingram,SF,24,NOP,36,36,34.4,8.2,18.4,1.6,4.7,6.6,13.8,4.5,5.5,0.8,5.3,6.1,5.2,0.6,0.3,2.6,2.0,22.4
Kyrie Irving,PG,29,BRK,7,7,34.6,9.7,19.3,2.1,5.9,7.6,13.4,1.9,1.9,0.4,4.4,4.9,5.1,1.0,0.3,2.1,2.1,23.4
Wes Iwundu,SF,27,ATL,3,1,27.3,2.7,6.0,1.0,1.7,1.7,4.3,1.0,1.3,1.0,3.3,4.3,0.0,0.3,0.0,0.3,2.7,7.3
Frank Jackson,PG,23,DET,33,5,22.7,3.7,9.2,1.9,5.6,1.8,3.6,1.3,1.6,0.3,1.2,1.5,0.9,0.5,0.2,0.8,1.6,10.7
Isaiah Jackson,PF,20,IND,14,0,6.9,1.1,2.6,0.0,0.1,1.1,2.5,0.8,1.4,0.9,1.3,2.1,0.2,0.4,0.5,0.2,1.4,3.1
Jaren Jackson Jr.,PF,22,MEM,48,48,27.7,5.6,13.6,1.7,5.5,3.9,8.1,3.5,4.3,1.3,4.4,5.7,1.0,1.0,2.2,1.8,3.4,16.4
Josh Jackson,SF,24,DET,37,3,18.5,2.8,6.7,0.8,3.0,2.0,3.7,1.0,1.4,0.5,2.7,3.2,1.3,0.5,0.4,1.0,1.9,7.4
Justin Jackson,SF,26,TOT,4,0,6.3,1.3,2.0,0.8,1.3,0.5,0.8,0.5,0.5,0.3,1.3,1.5,0.0,0.0,0.0,0.3,0.5,3.8
Justin Jackson,SF,26,BOS,1,0,2.0,0.0,1.0,0.0,0.0,0.0,1.0,2.0,2.0,0.0,0.0,0.0,0.0,0.0,0.0,0.0,0.0,2.0
Justin Jackson,SF,26,PHO,3,0,7.7,1.7,2.3,1.0,1.7,0.7,0.7,0.0,0.0,0.3,1.7,2.0,0.0,0.0,0.0,0.3,0.7,4.3
Reggie Jackson,SG,31,LAC,44,44,31.6,6.3,16.1,2.5,7.5,3.9,8.6,1.8,2.1,0.5,2.9,3.4,4.2,0.8,0.1,2.2,1.9,16.9
LeBron James,SF,37,LAL,35,35,36.7,10.8,20.9,2.8,7.9,8.0,13.0,4.5,6.0,1.1,6.6,7.7,6.3,1.6,1.1,3.2,2.3,29.0
DeJon Jarreau,SG,24,IND,1,0,1.0,0.0,0.0,0.0,0.0,0.0,0.0,0.0,0.0,0.0,0.0,0.0,0.0,0.0,0.0,0.0,0.0,0.0
DaQuan Jeffries,SG,24,MEM,3,0,3.0,0.3,0.7,0.0,0.3,0.3,0.3,0.0,0.0,0.0,0.7,0.7,0.3,0.0,0.0,0.0,0.3,0.7
Ty Jerome,SG,24,OKC,37,3,15.6,2.5,6.5,1.0,3.6,1.5,2.9,0.8,1.0,0.4,1.1,1.5,1.7,0.6,0.1,0.7,1.3,6.9
Isaiah Joe,SG,22,PHI,31,1,12.5,1.3,3.7,0.9,2.8,0.4,0.9,0.6,0.6,0.1,1.1,1.2,0.7,0.3,0.1,0.3,0.9,4.0
Alize Johnson,PF,25,TOT,19,0,7.3,0.7,1.5,0.0,0.2,0.7,1.3,0.2,0.4,1.1,1.4,2.5,0.4,0.2,0.0,0.6,0.8,1.7
Alize Johnson,PF,25,CHI,16,0,7.6,0.8,1.4,0.0,0.1,0.8,1.3,0.3,0.4,1.0,1.3,2.3,0.5,0.2,0.0,0.5,0.9,1.8
Alize Johnson,PF,25,WAS,3,0,6.0,0.7,2.0,0.0,0.7,0.7,1.3,0.0,0.3,1.7,2.3,4.0,0.0,0.0,0.0,1.0,0.0,1.3
B.J. Johnson,SF,26,ORL,4,0,16.3,2.8,6.3,1.0,2.5,1.8,3.8,0.0,0.0,1.5,2.3,3.8,0.0,0.0,0.3,0.0,1.0,6.5
Cameron Johnson,PF,25,PHO,42,6,25.4,4.0,8.8,2.4,5.7,1.5,3.1,1.3,1.5,0.6,3.6,4.2,1.3,0.8,0.2,0.6,1.7,11.6
David Johnson,SG,20,TOR,2,0,1.0,0.0,0.5,0.0,0.5,0.0,0.0,0.0,0.0,0.0,0.0,0.0,0.0,0.0,0.0,0.0,0.0,0.0
Jalen Johnson,PF,20,ATL,11,0,4.7,0.7,1.5,0.2,0.5,0.5,1.0,0.4,0.5,0.0,1.2,1.2,0.1,0.0,0.0,0.2,0.3,2.0
James Johnson,PF,34,BRK,31,2,17.2,2.0,4.2,0.3,1.0,1.7,3.2,0.2,0.5,0.9,2.5,3.4,1.7,0.4,0.4,0.6,2.1,4.5
Joe Johnson,SG,40,BOS,1,0,2.0,1.0,1.0,0.0,0.0,1.0,1.0,0.0,0.0,0.0,0.0,0.0,0.0,0.0,0.0,0.0,0.0,2.0
Keldon Johnson,SF,22,SAS,43,42,30.7,5.6,12.0,1.7,3.9,3.8,8.1,2.0,2.9,1.0,5.2,6.2,1.7,0.7,0.1,1.3,1.8,14.9
Keon Johnson,SG,19,LAC,15,0,9.0,1.1,3.4,0.2,0.7,0.9,2.7,1.1,1.4,0.4,1.0,1.4,0.9,0.5,0.1,0.5,1.4,3.5
Stanley Johnson,PF,25,LAL,13,5,20.6,2.3,4.4,0.8,2.4,1.5,2.0,1.2,1.5,0.5,2.2,2.7,1.3,0.8,0.4,0.5,3.1,6.6
Tyler Johnson,PG,29,TOT,6,0,15.2,1.0,3.3,0.8,2.2,0.2,1.2,0.0,0.0,0.5,1.5,2.0,1.2,0.5,0.5,0.3,1.2,2.8
Tyler Johnson,PG,29,PHI,3,0,12.7,1.3,3.3,1.0,2.3,0.3,1.0,0.0,0.0,0.3,1.7,2.0,0.7,0.3,0.3,0.3,1.3,3.7
Tyler Johnson,PG,29,SAS,3,0,17.7,0.7,3.3,0.7,2.0,0.0,1.3,0.0,0.0,0.7,1.3,2.0,1.7,0.7,0.7,0.3,1.0,2.0
Nikola Jokić,C,26,DEN,40,40,33.2,10.2,17.7,1.5,4.2,8.6,13.5,4.3,5.4,2.8,11.0,13.8,7.6,1.4,0.8,3.5,2.5,26.1
Carlik Jones,PG,24,TOT,5,0,4.6,0.2,1.8,0.0,0.2,0.2,1.6,0.4,0.4,0.2,0.4,0.6,1.0,0.2,0.0,0.6,0.0,0.8
Carlik Jones,PG,24,DAL,3,0,6.3,0.0,2.3,0.0,0.3,0.0,2.0,0.7,0.7,0.3,0.7,1.0,1.7,0.3,0.0,1.0,0.0,0.7
Carlik Jones,PG,24,DEN,2,0,2.0,0.5,1.0,0.0,0.0,0.5,1.0,0.0,0.0,0.0,0.0,0.0,0.0,0.0,0.0,0.0,0.0,1.0
Damian Jones,C,26,SAC,28,4,14.5,2.1,3.7,0.1,0.4,2.0,3.3,1.2,1.8,1.6,2.6,4.2,1.0,0.2,0.4,1.0,2.0,5.6
Derrick Jones Jr.,PF,24,CHI,31,8,17.2,2.3,3.9,0.5,1.2,1.8,2.7,1.3,1.5,1.2,2.2,3.4,0.5,0.5,0.7,0.5,2.3,6.3
Herbert Jones,C,23,NOP,42,33,29.2,3.5,7.0,0.7,1.7,2.9,5.4,1.4,1.8,1.2,2.5,3.7,1.9,1.5,0.9,1.1,3.1,9.1
Jemerrio Jones,SF,26,LAL,2,0,7.5,1.0,1.5,0.0,0.0,1.0,1.5,0.0,0.0,1.0,0.5,1.5,0.0,0.5,0.0,0.0,1.0,2.0
Kai Jones,C,21,CHO,14,0,2.8,0.3,0.5,0.0,0.1,0.3,0.4,0.1,0.3,0.1,0.4,0.4,0.1,0.0,0.0,0.4,0.2,0.6
Mason Jones,SG,23,LAL,2,0,4.5,1.0,4.0,0.0,1.0,1.0,3.0,0.5,1.0,0.5,0.5,1.0,0.0,0.5,0.0,0.5,0.5,2.5
Tre Jones,PG,22,SAS,37,2,12.3,1.8,3.6,0.1,0.4,1.7,3.2,0.6,0.6,0.4,1.5,1.9,2.2,0.4,0.0,0.6,0.9,4.2
Tyus Jones,PG,25,MEM,45,13,21.1,3.2,6.8,1.0,2.5,2.2,4.3,0.8,0.8,0.3,2.4,2.7,4.2,0.9,0.0,0.8,0.4,8.2
DeAndre Jordan,C,33,LAL,29,18,13.0,2.0,3.0,0.0,0.0,2.0,3.0,0.3,0.6,1.6,4.0,5.5,0.4,0.3,0.9,0.7,1.7,4.3
Cory Joseph,PG,30,DET,35,9,23.5,2.8,6.1,1.0,2.3,1.8,3.7,1.8,2.1,0.4,1.9,2.3,4.0,0.7,0.2,1.4,1.8,8.4
Georgios Kalaitzakis,SF,23,MIL,9,0,5.3,0.6,1.2,0.2,0.4,0.3,0.8,0.4,1.0,0.4,0.4,0.9,0.0,0.1,0.1,0.4,0.9,1.8
Frank Kaminsky,C,28,PHO,9,0,20.1,4.0,7.3,0.6,1.7,3.4,5.7,2.0,2.2,1.2,3.3,4.6,1.4,0.9,0.8,0.6,1.6,10.6
Luke Kennard,SG,25,LAC,38,10,28.7,4.0,9.4,2.7,6.4,1.3,3.0,0.9,1.0,0.2,3.2,3.3,2.0,0.7,0.1,0.8,1.6,11.6
Braxton Key,SF,24,PHI,2,0,3.0,0.5,1.0,0.0,0.5,0.5,0.5,0.0,0.0,0.5,0.5,1.0,0.5,0.5,0.0,1.0,0.5,1.0
George King,SF,28,DAL,4,0,4.8,0.0,1.3,0.0,1.0,0.0,0.3,0.3,0.5,0.0,1.3,1.3,0.0,0.0,0.0,0.3,1.0,0.3
Louis King,SF,22,SAC,5,0,11.0,1.8,5.2,1.0,3.2,0.8,2.0,1.2,1.4,0.0,1.6,1.6,0.2,0.4,0.0,0.0,1.6,5.8
Corey Kispert,SF,22,WAS,42,7,18.1,2.1,4.9,0.9,2.7,1.2,2.1,0.8,0.9,0.5,1.6,2.2,0.8,0.3,0.3,0.5,0.9,5.9
Maxi Kleber,PF,30,DAL,32,15,24.7,2.4,6.0,1.6,4.5,0.8,1.5,0.7,1.0,1.1,4.6,5.7,1.2,0.4,0.9,0.8,2.3,7.2
Brandon Knight,PG,30,DAL,3,0,18.0,3.0,6.7,1.3,4.3,1.7,2.3,2.7,2.7,0.0,2.3,2.3,2.7,0.3,0.0,1.3,1.7,10.0
Nathan Knight,PF,24,MIN,23,2,8.0,1.0,2.2,0.1,0.3,1.0,1.9,1.2,1.7,1.0,1.5,2.5,0.6,0.2,0.3,0.5,1.1,3.4
Kevin Knox,SF,22,TOT,16,0,8.8,1.2,3.1,0.7,2.2,0.5,0.9,0.4,0.6,0.5,1.1,1.6,0.3,0.2,0.1,0.4,0.4,3.5
Kevin Knox,SF,22,NYK,13,0,8.5,1.2,3.1,0.8,2.2,0.4,0.9,0.5,0.8,0.6,1.1,1.7,0.2,0.2,0.1,0.4,0.4,3.6
Kevin Knox,SF,22,ATL,3,0,10.0,1.3,3.3,0.3,2.3,1.0,1.0,0.0,0.0,0.0,1.3,1.3,0.3,0.3,0.0,0.3,0.7,3.0
John Konchar,SG,25,MEM,41,5,18.0,1.9,3.6,0.7,1.7,1.1,2.0,0.4,0.7,1.3,3.2,4.5,1.4,0.7,0.3,0.5,1.2,4.9
Furkan Korkmaz,SG,24,PHI,42,15,24.1,3.3,8.5,1.4,4.8,1.9,3.7,1.0,1.3,0.3,2.8,3.1,2.4,0.6,0.1,0.8,1.0,9.1
Luke Kornet,C,26,TOT,3,0,6.0,0.3,2.0,0.0,0.3,0.3,1.7,0.7,1.0,1.0,0.3,1.3,0.3,0.0,0.3,0.0,0.7,1.3
Luke Kornet,C,26,CLE,2,0,7.5,0.5,2.5,0.0,0.5,0.5,2.0,1.0,1.5,1.0,0.5,1.5,0.5,0.0,0.5,0.0,0.5,2.0
Luke Kornet,C,26,MIL,1,0,3.0,0.0,1.0,0.0,0.0,0.0,1.0,0.0,0.0,1.0,0.0,1.0,0.0,0.0,0.0,0.0,1.0,0.0
Vit Krejci,SG,21,OKC,3,0,3.0,0.0,0.7,0.0,0.7,0.0,0.0,0.7,0.7,0.0,1.0,1.0,0.0,0.0,0.0,0.3,0.0,0.7
Arnoldas Kulboka,SF,24,CHO,1,0,3.0,0.0,0.0,0.0,0.0,0.0,0.0,0.0,0.0,0.0,0.0,0.0,0.0,0.0,0.0,0.0,0.0,0.0
Jonathan Kuminga,SF,19,GSW,35,4,11.8,2.2,4.7,0.5,1.5,1.8,3.2,1.4,2.1,0.5,1.8,2.3,0.5,0.4,0.2,0.7,1.5,6.3
Kyle Kuzma,PF,26,WAS,44,44,33.1,5.9,13.0,1.8,5.4,4.1,7.6,2.1,3.0,1.1,7.7,8.8,2.9,0.6,0.8,2.2,2.0,15.6
Anthony Lamb,SF,24,SAS,2,0,4.0,0.0,1.0,0.0,1.0,0.0,0.0,0.0,0.0,0.0,0.5,0.5,1.0,0.0,0.0,0.0,0.0,0.0
Jeremy Lamb,SF,29,IND,32,0,15.3,2.2,6.0,1.0,3.1,1.2,2.9,1.8,2.1,0.4,2.1,2.5,1.3,0.5,0.4,0.6,1.3,7.3
Jock Landale,C,26,SAS,29,1,10.3,1.8,3.5,0.6,1.5,1.2,2.0,0.7,0.8,1.2,1.1,2.3,1.0,0.2,0.4,0.7,0.9,4.8
Romeo Langford,SG,22,BOS,37,5,17.8,1.9,4.4,0.7,2.0,1.2,2.4,0.5,0.8,0.8,1.9,2.7,0.5,0.6,0.4,0.4,1.1,5.0
Zach LaVine,SF,26,CHI,38,38,34.0,9.0,18.4,2.9,7.2,6.1,11.2,3.9,4.5,0.3,4.4,4.8,4.2,0.6,0.3,2.8,1.6,24.9
Jake Layman,SF,27,MIN,20,1,8.0,0.9,2.3,0.2,1.2,0.7,1.1,0.3,0.4,0.2,1.0,1.2,0.3,0.3,0.2,0.4,0.4,2.2
Damion Lee,SG,29,GSW,36,2,20.4,3.0,6.6,1.2,3.2,1.8,3.4,1.0,1.2,0.4,2.7,3.1,0.9,0.6,0.1,0.7,1.6,8.2
Saben Lee,PG,22,DET,26,0,15.4,1.8,4.7,0.5,1.7,1.3,3.0,1.3,1.7,0.4,2.2,2.5,2.4,1.0,0.4,1.0,0.9,5.3
Alex Len,C,28,SAC,30,9,17.4,2.6,5.0,0.2,0.6,2.4,4.4,1.1,1.7,1.6,3.2,4.8,1.2,0.3,0.8,1.3,2.9,6.6
Caris LeVert,SG,27,IND,32,32,30.6,7.0,15.7,1.6,5.0,5.4,10.7,2.8,3.4,0.7,2.9,3.6,4.1,1.0,0.5,1.8,2.3,18.4
Kira Lewis Jr.,PG,20,NOP,24,0,14.2,2.5,6.1,0.5,2.4,1.9,3.7,0.4,0.5,0.4,1.3,1.6,2.0,0.5,0.0,1.1,0.7,5.9
Scottie Lewis,SG,21,CHO,2,0,3.5,0.0,0.0,0.0,0.0,0.0,0.0,0.5,1.0,0.0,0.0,0.0,0.5,0.5,0.0,0.0,0.0,0.5
Damian Lillard,PG,31,POR,29,29,36.4,7.7,19.0,3.2,9.8,4.5,9.2,5.5,6.2,0.4,3.7,4.1,7.3,0.6,0.4,2.9,1.3,24.0
Nassir Little,SF,21,POR,41,22,25.8,3.4,7.4,1.1,3.6,2.2,3.8,1.6,2.2,1.3,4.2,5.6,1.3,0.6,0.9,1.0,2.0,9.5
Isaiah Livers,SF,23,DET,1,0,5.0,0.0,2.0,0.0,2.0,0.0,0.0,0.0,0.0,0.0,0.0,0.0,0.0,1.0,1.0,1.0,1.0,0.0
Kevon Looney,C,25,GSW,47,47,20.7,2.6,4.7,0.0,0.0,2.6,4.6,1.0,1.6,2.7,4.6,7.2,1.6,0.6,0.8,0.9,2.6,6.2
Brook Lopez,C,33,MIL,1,1,28.0,3.0,9.0,2.0,4.0,1.0,5.0,0.0,0.0,2.0,3.0,5.0,0.0,1.0,3.0,0.0,3.0,8.0
Robin Lopez,C,33,ORL,22,9,18.6,3.8,6.5,0.0,0.2,3.8,6.4,0.9,1.5,2.3,1.5,3.8,1.9,0.0,0.5,1.3,2.0,8.5
Didi Louzada,SF,22,NOP,2,0,3.5,0.0,1.5,0.0,1.5,0.0,0.0,0.0,0.0,1.0,0.0,1.0,0.5,0.0,0.0,0.0,0.0,0.0
Kevin Love,PF,33,CLE,39,2,21.4,4.3,9.8,2.4,6.0,1.9,3.8,2.9,3.3,1.1,6.0,7.1,2.1,0.3,0.2,1.2,0.9,13.8
Kyle Lowry,PG,35,MIA,39,39,34.2,4.5,10.8,2.1,6.4,2.4,4.5,2.4,2.8,0.6,3.8,4.5,8.3,1.0,0.4,3.1,2.8,13.4
Timothé Luwawu-Cabarrot,SF,26,ATL,31,12,13.9,1.5,3.8,0.9,2.6,0.5,1.2,0.5,0.6,0.3,1.2,1.5,0.8,0.4,0.1,0.4,1.5,4.5
Trey Lyles,PF,26,DET,43,3,19.4,3.3,7.4,0.8,2.9,2.5,4.5,2.6,3.3,1.3,3.6,4.8,1.2,0.4,0.5,1.0,1.7,10.0
Théo Maledon,PG,20,OKC,21,0,13.6,1.0,3.7,0.4,2.1,0.7,1.6,1.2,1.4,0.4,1.4,1.8,1.0,0.5,0.1,0.9,1.0,3.7
Sandro Mamukelashvili,PF,22,MIL,24,2,11.4,1.3,3.1,0.5,1.5,0.8,1.7,0.4,0.5,1.1,1.1,2.2,0.5,0.3,0.3,0.4,0.7,3.6
Terance Mann,SF,25,LAC,47,15,29.3,3.9,8.2,1.0,2.8,2.9,5.4,1.4,1.8,1.4,3.9,5.3,2.3,0.6,0.1,1.1,2.2,10.2
Tre Mann,PG,20,OKC,33,2,17.2,2.7,6.8,1.1,2.9,1.6,3.8,0.6,0.9,0.4,1.8,2.2,0.8,0.5,0.2,0.7,1.7,7.1
Boban Marjanović,C,33,DAL,16,0,5.9,2.2,3.5,0.1,0.2,2.1,3.3,0.5,1.0,0.4,1.4,1.9,0.1,0.0,0.1,0.7,1.2,4.9
Lauri Markkanen,PF,24,CLE,38,38,30.2,4.9,11.3,2.0,5.9,2.9,5.4,1.7,1.9,1.1,4.2,5.3,1.5,0.8,0.6,0.8,1.8,13.6
Naji Marshall,SF,24,NOP,23,0,9.6,1.0,3.0,0.2,1.2,0.8,1.8,1.1,1.3,0.6,1.8,2.4,0.9,0.4,0.1,0.9,1.0,3.3
Caleb Martin,SF,26,MIA,37,9,23.1,3.8,7.2,1.1,2.8,2.7,4.5,1.2,1.6,1.2,2.7,3.9,0.9,1.1,0.5,0.8,1.8,9.7
Cody Martin,SF,26,CHO,42,7,27.0,3.0,6.4,1.0,2.3,2.0,4.1,1.2,1.7,1.2,3.0,4.2,2.7,1.4,0.5,0.9,1.6,8.2
Kelan Martin,SF,26,IND,27,1,16.4,2.6,6.2,0.8,2.7,1.8,3.5,0.3,0.5,0.6,1.4,2.0,0.8,0.5,0.3,0.5,1.3,6.3
Kenyon Martin Jr.,SF,21,HOU,44,0,19.1,3.2,6.2,0.6,1.8,2.6,4.4,1.0,1.6,1.0,2.8,3.8,1.4,0.4,0.5,0.7,1.3,8.0
Garrison Mathews,SG,25,HOU,30,16,27.6,3.3,7.9,2.5,6.6,0.8,1.3,2.4,2.9,0.5,3.1,3.6,0.9,0.7,0.4,0.6,3.0,11.5
Dakota Mathias,SG,26,MEM,6,0,2.7,0.3,1.0,0.3,1.0,0.0,0.0,0.0,0.0,0.0,0.3,0.3,0.2,0.2,0.0,0.0,0.2,1.0
Wesley Matthews,SG,35,MIL,21,6,20.6,2.3,5.1,1.4,3.6,0.9,1.5,0.2,0.4,0.6,1.5,2.1,0.8,0.5,0.2,0.4,1.8,6.3
Tyrese Maxey,PG,21,PHI,39,38,35.3,6.3,13.4,1.4,3.5,4.8,9.9,2.8,3.2,0.4,3.1,3.4,4.5,0.7,0.5,1.2,2.1,16.7
Skylar Mays,SG,24,ATL,18,5,10.3,1.7,3.3,0.4,1.4,1.3,1.9,0.4,0.4,0.3,1.1,1.3,0.8,0.4,0.0,0.3,0.3,4.3
Miles McBride,PG,21,NYK,18,2,8.1,0.8,3.0,0.3,1.6,0.6,1.4,0.2,0.2,0.1,0.8,0.9,1.2,0.4,0.1,0.2,0.8,2.1
Mac McClung,PG,23,CHI,1,0,3.0,1.0,1.0,0.0,0.0,1.0,1.0,0.0,0.0,0.0,0.0,0.0,0.0,0.0,0.0,1.0,0.0,2.0
CJ McCollum,SG,30,POR,28,28,35.1,8.0,18.4,3.3,8.0,4.7,10.4,1.4,2.0,1.0,3.2,4.2,4.4,1.1,0.7,2.2,2.1,20.6
T.J. McConnell,PG,29,IND,24,6,24.2,3.8,7.5,0.3,1.0,3.5,6.5,0.5,0.6,0.8,2.5,3.3,4.8,1.0,0.4,1.2,1.8,8.4
Jaden McDaniels,PF,21,MIN,43,18,25.8,3.3,7.8,0.9,3.5,2.3,4.3,0.7,0.9,1.3,3.1,4.4,1.0,0.8,0.7,1.1,3.3,8.2
Jalen McDaniels,SF,24,CHO,39,2,17.6,2.5,5.1,0.8,2.2,1.7,2.8,0.8,1.2,0.7,2.7,3.5,1.1,0.5,0.4,0.8,1.8,6.6
Doug McDermott,PF,30,SAS,32,32,24.7,4.3,9.4,2.1,5.2,2.2,4.2,0.6,0.8,0.4,2.0,2.4,1.2,0.2,0.1,0.8,1.5,11.3
JaVale McGee,C,34,PHO,41,13,16.2,4.3,6.6,0.0,0.1,4.3,6.5,1.5,2.2,2.3,4.7,7.0,0.6,0.3,0.9,1.5,2.6,10.1
Cameron McGriff,SF,24,POR,3,0,15.3,1.7,4.7,0.7,2.0,1.0,2.7,0.7,0.7,2.0,3.0,5.0,1.0,0.0,0.3,0.0,2.3,4.7
Rodney McGruder,SG,30,DET,21,0,12.5,1.8,3.7,0.9,2.1,0.9,1.6,0.2,0.3,0.6,1.4,2.0,0.7,0.3,0.1,0.6,0.9,4.6
Alfonzo McKinnie,SF,29,CHI,13,3,14.5,1.8,4.4,0.7,2.0,1.1,2.4,0.1,0.5,1.0,1.0,2.0,0.4,0.2,0.2,0.5,1.6,4.3
JaQuori McLaughlin,PG,24,DAL,4,0,2.8,0.0,0.5,0.0,0.3,0.0,0.3,0.0,0.0,0.0,0.0,0.0,0.5,0.0,0.0,0.0,0.3,0.0
Jordan McLaughlin,PG,25,MIN,29,2,10.9,0.7,2.6,0.1,1.0,0.6,1.6,0.5,0.8,0.2,0.8,1.0,2.3,0.6,0.0,0.7,0.4,2.1
Ben McLemore,SG,28,POR,29,4,17.2,3.0,7.1,2.3,5.7,0.7,1.4,0.7,0.8,0.2,1.1,1.3,0.8,0.4,0.1,0.7,1.5,9.1
De'Anthony Melton,SG,23,MEM,40,13,22.9,3.5,9.2,1.5,4.7,2.0,4.5,1.2,1.7,1.0,3.4,4.4,2.8,1.6,0.6,1.5,1.9,9.7
Sam Merrill,SG,25,MEM,6,0,9.7,1.3,4.0,1.2,3.8,0.2,0.2,0.3,0.7,0.2,1.0,1.2,0.7,0.0,0.0,0.3,0.5,4.2
Chimezie Metu,C,24,SAC,32,19,22.2,3.4,8.2,1.0,3.7,2.4,4.5,1.0,1.3,0.7,5.4,6.0,1.1,0.9,0.6,0.9,1.5,8.9
Khris Middleton,SF,30,MIL,37,37,31.9,6.7,15.2,2.4,6.2,4.3,8.9,4.2,4.8,0.6,5.1,5.7,5.3,1.1,0.3,3.2,2.4,20.1
C.J. Miles,SG,34,BOS,1,0,2.0,0.0,0.0,0.0,0.0,0.0,0.0,0.0,0.0,0.0,0.0,0.0,0.0,0.0,0.0,0.0,1.0,0.0
Patty Mills,PG,33,BRK,45,28,31.0,4.8,10.9,3.2,7.6,1.6,3.3,0.7,0.8,0.2,1.9,2.2,2.5,0.6,0.3,1.0,1.4,13.5
Paul Millsap,PF,36,BRK,24,0,11.3,1.3,3.5,0.3,1.1,1.1,2.4,0.5,0.7,1.2,2.5,3.7,1.0,0.2,0.5,0.5,2.0,3.4
Shake Milton,PG,25,PHI,27,6,24.7,4.0,9.4,0.9,2.9,3.1,6.5,1.5,1.8,0.5,2.5,3.0,2.8,0.7,0.4,1.1,2.1,10.5
Davion Mitchell,PG,23,SAC,42,1,24.5,3.7,9.5,1.1,3.7,2.6,5.7,0.5,0.9,0.5,1.7,2.3,3.2,0.7,0.3,1.0,1.8,9.1
Donovan Mitchell,SG,25,UTA,40,40,33.5,9.3,20.7,3.2,9.5,6.1,11.2,3.7,4.2,0.8,3.1,4.0,5.2,1.6,0.2,3.0,2.5,25.5
Evan Mobley,PF,20,CLE,39,39,34.3,6.2,12.1,0.4,1.4,5.7,10.7,2.2,3.2,1.7,6.3,8.1,2.6,0.8,1.7,1.9,2.1,15.0
Malik Monk,SG,23,LAL,42,11,26.1,4.4,9.2,2.1,5.1,2.3,4.1,1.0,1.2,0.5,2.5,3.0,2.3,0.7,0.5,1.3,1.5,11.9
Greg Monroe,C,31,TOT,5,0,16.2,2.6,4.4,0.0,0.0,2.6,4.4,0.4,1.0,2.4,3.8,6.2,2.4,0.6,1.0,1.2,1.8,5.6
Greg Monroe,C,31,MIN,3,0,21.0,3.0,4.7,0.0,0.0,3.0,4.7,0.7,1.7,1.7,5.3,7.0,3.7,0.7,1.3,1.3,2.3,6.7
Greg Monroe,C,31,WAS,2,0,9.0,2.0,4.0,0.0,0.0,2.0,4.0,0.0,0.0,3.5,1.5,5.0,0.5,0.5,0.5,1.0,1.0,4.0
Moses Moody,SG,19,GSW,26,1,7.0,0.8,2.3,0.2,1.3,0.6,1.0,0.5,0.6,0.2,0.9,1.0,0.3,0.1,0.2,0.2,0.5,2.2
Xavier Moon,SG,27,LAC,6,0,13.8,2.3,5.7,0.5,1.7,1.8,4.0,0.3,0.5,0.2,1.3,1.5,1.7,0.8,0.2,0.5,0.7,5.5
Matt Mooney,SG,24,NYK,1,0,2.0,0.0,1.0,0.0,1.0,0.0,0.0,0.0,0.0,0.0,0.0,0.0,0.0,1.0,0.0,1.0,0.0,0.0
Ja Morant,PG,22,MEM,36,36,32.9,9.4,19.4,1.5,4.4,7.9,15.0,4.9,6.4,1.5,4.5,6.0,6.9,1.3,0.4,3.4,1.4,25.3
Juwan Morgan,PF,24,TOR,1,0,27.0,2.0,3.0,1.0,2.0,1.0,1.0,0.0,0.0,2.0,2.0,4.0,1.0,0.0,0.0,0.0,3.0,5.0
Jaylen Morris,SG,26,SAS,3,0,5.3,0.0,2.0,0.0,0.7,0.0,1.3,0.7,1.3,0.0,0.7,0.7,0.7,0.0,0.0,0.3,0.7,0.7
Marcus Morris,PF,32,LAC,26,26,30.3,5.5,13.2,2.0,5.4,3.5,7.8,2.6,3.0,0.6,4.6,5.2,2.2,0.5,0.3,1.3,2.3,15.5
Markieff Morris,PF,32,MIA,10,0,18.7,3.2,7.0,0.8,2.2,2.4,4.8,0.5,0.5,1.3,1.5,2.8,1.4,0.3,0.1,1.2,2.2,7.7
Monte Morris,PG,26,DEN,42,41,30.0,5.1,10.9,1.6,4.4,3.5,6.5,0.7,0.9,0.3,2.5,2.8,4.1,0.7,0.1,1.2,1.3,12.6
Emmanuel Mudiay,PG,25,SAC,2,0,5.5,0.0,1.0,0.0,0.0,0.0,1.0,1.5,2.0,0.0,0.0,0.0,2.0,0.5,0.0,0.5,0.5,1.5
Mychal Mulder,PG,27,ORL,15,2,13.0,1.3,4.5,0.9,3.1,0.5,1.4,0.1,0.1,0.1,1.3,1.4,0.2,0.3,0.1,0.5,0.8,3.7
Ade Murkey,SG,24,SAC,1,0,1.0,0.0,0.0,0.0,0.0,0.0,0.0,0.0,0.0,0.0,0.0,0.0,0.0,0.0,0.0,0.0,0.0,0.0
Trey Murphy III,SF,21,NOP,36,0,12.8,1.2,3.7,0.9,2.7,0.3,1.0,0.4,0.5,0.7,1.4,2.1,0.6,0.3,0.1,0.3,0.9,3.8
Dejounte Murray,PG,25,SAS,42,42,34.4,8.0,17.8,1.4,4.2,6.6,13.6,1.9,2.6,1.3,7.1,8.5,9.0,2.0,0.4,2.4,2.0,19.3
Mike Muscala,C,30,OKC,38,0,13.5,2.6,5.6,1.6,3.7,1.0,1.9,1.2,1.3,0.4,2.5,2.9,0.5,0.4,0.6,0.3,1.3,8.0
Svi Mykhailiuk,SF,24,TOR,38,5,16.9,2.2,5.3,0.9,2.9,1.2,2.4,0.7,0.8,0.5,1.8,2.3,1.1,0.6,0.1,0.7,1.2,5.9
Abdel Nader,SF,28,PHO,14,0,10.4,0.9,2.5,0.3,1.0,0.6,1.5,0.4,0.7,0.3,1.6,1.9,0.5,0.6,0.3,0.8,1.4,2.4
Larry Nance Jr.,PF,29,POR,37,11,23.2,2.8,5.4,0.5,1.7,2.2,3.7,0.9,1.3,1.6,4.1,5.6,2.0,1.0,0.4,0.7,1.8,6.9
RJ Nembhard Jr.,SG,22,CLE,6,0,7.0,0.8,1.8,0.0,0.2,0.8,1.7,0.2,0.3,0.0,0.3,0.3,1.7,0.0,0.0,0.2,0.3,1.8
Aaron Nesmith,SF,22,BOS,32,1,10.5,1.2,3.3,0.5,2.1,0.7,1.1,0.3,0.4,0.3,1.5,1.8,0.3,0.3,0.1,0.6,1.3,3.2
Raul Neto,PG,29,WAS,40,0,19.8,2.9,6.6,0.4,1.7,2.6,4.9,1.1,1.5,0.2,1.9,2.0,2.6,0.7,0.0,1.3,1.5,7.3
Malik Newman,PG,24,CLE,1,0,8.0,3.0,5.0,0.0,1.0,3.0,4.0,2.0,2.0,0.0,1.0,1.0,1.0,0.0,0.0,1.0,0.0,8.0
Georges Niang,PF,28,PHI,42,5,23.1,3.4,7.9,1.9,5.0,1.5,2.9,0.9,1.0,0.4,2.4,2.7,1.4,0.5,0.2,0.7,2.6,9.5
Daishen Nix,SG,19,HOU,8,0,8.4,1.6,2.5,0.4,0.9,1.3,1.6,0.1,0.4,0.1,1.1,1.3,1.3,0.9,0.0,1.1,0.4,3.8
Zeke Nnaji,PF,21,DEN,29,0,15.0,2.2,4.3,0.9,1.9,1.2,2.4,1.0,1.6,1.2,2.2,3.3,0.3,0.2,0.3,0.3,1.8,6.3
Nerlens Noel,C,27,NYK,19,10,23.2,1.5,2.7,0.0,0.2,1.5,2.6,0.8,0.9,2.2,3.7,5.9,0.7,1.2,1.5,0.8,2.6,3.7
Jaylen Nowell,SG,22,MIN,31,0,14.5,3.2,6.6,0.9,2.3,2.4,4.3,1.0,1.4,0.3,1.8,2.1,2.1,0.5,0.2,0.5,1.1,8.4
Frank Ntilikina,PG,23,DAL,36,5,12.8,1.5,4.1,0.8,2.1,0.8,2.0,0.5,0.5,0.2,1.2,1.4,1.3,0.6,0.1,0.6,1.1,4.3
Jusuf Nurkić,C,27,POR,43,43,27.2,5.4,10.1,0.2,1.0,5.2,9.0,3.2,4.6,2.7,8.1,10.8,2.7,1.2,0.6,2.5,3.4,14.3
David Nwaba,SF,29,HOU,33,4,14.2,2.0,4.3,0.3,1.1,1.7,3.2,1.0,1.4,0.9,3.0,3.9,0.8,0.7,0.5,0.5,1.2,5.4
Jordan Nwora,SF,23,MIL,37,9,20.3,3.3,8.1,1.5,4.1,1.8,3.9,0.4,0.5,0.7,3.4,4.1,1.0,0.5,0.4,1.0,1.2,8.6
Royce O'Neale,SF,28,UTA,44,44,31.6,2.6,5.4,1.4,3.6,1.1,1.8,0.7,0.9,0.9,4.3,5.2,2.5,1.3,0.5,0.9,2.5,7.2
Semi Ojeleye,PF,27,MIL,17,0,17.1,0.9,3.9,0.5,2.3,0.4,1.6,0.5,0.6,1.5,1.9,3.4,0.3,0.3,0.3,0.3,1.5,2.8
Chuma Okeke,PF,23,ORL,37,10,23.7,2.8,7.7,1.3,4.5,1.5,3.2,0.8,0.9,0.6,3.9,4.6,1.4,1.4,0.5,0.8,1.4,7.7
Josh Okogie,SG,23,MIN,30,6,12.8,0.8,2.4,0.3,1.1,0.5,1.3,0.8,1.2,0.8,1.2,2.0,0.6,0.6,0.3,0.5,1.3,2.7
Onyeka Okongwu,C,21,ATL,14,6,24.1,3.7,5.0,0.0,0.0,3.7,5.0,1.8,2.6,2.4,3.8,6.2,1.1,0.6,1.8,1.3,3.4,9.2
Isaac Okoro,SF,21,CLE,32,26,28.3,3.2,7.1,0.8,2.8,2.4,4.3,1.8,2.4,1.1,2.2,3.3,1.8,0.8,0.3,1.2,2.6,9.0
KZ Okpala,PF,22,MIA,21,0,11.6,1.4,3.3,0.4,1.2,1.0,2.0,0.4,0.5,0.5,1.4,2.0,0.7,0.2,0.3,0.2,1.2,3.7
Cameron Oliver,SF,25,ATL,2,0,21.5,5.0,7.5,0.5,1.5,4.5,6.0,1.0,1.5,1.0,2.0,3.0,1.5,0.5,0.5,0.0,2.5,11.5
Kelly Olynyk,C,30,DET,12,1,22.6,4.5,10.1,1.3,4.3,3.2,5.8,2.3,3.6,1.4,4.1,5.5,2.8,1.3,0.7,1.5,2.8,12.6
Eugene Omoruyi,SF,24,DAL,4,0,4.5,0.5,1.3,0.3,0.5,0.3,0.8,0.5,1.0,0.5,1.3,1.8,0.5,0.0,0.0,0.0,0.5,1.8
Miye Oni,SG,24,UTA,16,0,2.8,0.1,0.6,0.1,0.5,0.1,0.1,0.0,0.1,0.1,0.4,0.4,0.3,0.0,0.0,0.1,0.4,0.3
Cedi Osman,SF,26,CLE,35,0,22.6,3.8,8.7,2.0,5.6,1.8,3.2,1.2,1.8,0.4,2.1,2.5,1.7,1.0,0.2,0.9,1.9,10.7
Daniel Oturu,C,22,TOR,3,0,9.0,1.0,2.0,0.0,0.3,1.0,1.7,1.0,1.7,0.3,1.3,1.7,0.0,0.0,0.7,0.0,0.3,3.0
Kelly Oubre Jr.,SF,26,CHO,43,10,27.8,6.0,13.3,2.8,7.7,3.2,5.5,1.5,2.3,1.0,2.9,4.0,1.1,1.1,0.3,1.0,2.4,16.3
Jaysean Paige,PG,27,DET,1,0,7.0,0.0,3.0,0.0,2.0,0.0,1.0,0.0,0.0,0.0,1.0,1.0,1.0,0.0,0.0,1.0,2.0,0.0
Trayvon Palmer,SG,27,DET,1,0,17.0,0.0,1.0,0.0,0.0,0.0,1.0,0.0,0.0,0.0,2.0,2.0,0.0,0.0,0.0,1.0,2.0,0.0
Kevin Pangos,PG,29,CLE,20,3,8.1,0.8,2.3,0.3,1.3,0.5,1.0,0.2,0.2,0.1,0.5,0.6,1.5,0.2,0.0,0.4,0.5,2.0
Jabari Parker,PF,26,BOS,12,0,9.3,1.5,3.2,0.7,1.3,0.8,1.8,0.8,0.8,0.4,1.9,2.3,0.5,0.3,0.1,0.7,1.1,4.4
Eric Paschall,PF,25,UTA,33,1,11.8,1.7,3.5,0.6,1.7,1.1,1.8,0.9,1.3,0.6,1.3,1.9,0.5,0.1,0.1,0.5,0.9,4.9
Chris Paul,PG,36,PHO,45,45,32.4,5.4,11.1,0.9,3.0,4.4,8.2,2.4,2.9,0.3,4.0,4.3,10.1,2.0,0.3,2.3,2.1,14.1
Cameron Payne,PG,27,PHO,40,0,20.4,4.0,9.8,1.1,3.4,2.8,6.4,1.4,1.7,0.4,2.4,2.8,3.6,0.6,0.3,1.8,1.9,10.5
Elfrid Payton,PG,27,PHO,25,0,10.9,1.4,3.6,0.0,0.2,1.4,3.4,0.3,0.6,0.4,1.5,1.9,1.7,0.5,0.1,1.0,1.0,3.2
Gary Payton II,PG,29,GSW,44,9,16.8,3.2,5.1,0.7,1.8,2.6,3.4,0.5,1.0,1.1,2.6,3.7,0.8,1.3,0.3,0.5,1.7,7.7
Norvel Pelle,C,28,UTA,3,0,6.3,1.0,1.7,0.0,0.0,1.0,1.7,0.0,0.0,1.0,1.0,2.0,0.0,0.0,0.3,0.7,0.3,2.0
Reggie Perry,PF,21,POR,2,0,20.5,2.0,4.5,0.5,1.0,1.5,3.5,1.0,1.0,1.0,2.5,3.5,1.0,0.5,0.0,0.5,3.0,5.5
Jamorko Pickett,PF,24,DET,6,0,7.8,0.2,1.7,0.2,1.2,0.0,0.5,0.0,0.0,0.3,1.2,1.5,0.2,0.0,0.2,0.5,0.5,0.5
Theo Pinson,SF,26,DAL,12,0,8.0,0.7,2.3,0.4,1.7,0.3,0.6,0.3,0.3,0.0,1.3,1.3,1.0,0.3,0.2,0.2,0.8,2.1
Mason Plumlee,C,31,CHO,38,38,24.6,2.9,4.6,0.0,0.0,2.9,4.6,0.7,2.1,2.3,4.9,7.1,2.7,0.8,0.8,1.2,3.0,6.6
Jakob Poeltl,C,26,SAS,39,38,29.1,5.8,9.7,0.0,0.0,5.8,9.7,1.2,2.7,4.1,5.0,9.1,2.7,0.7,1.6,1.6,3.0,12.8
Aleksej Pokusevski,PF,20,OKC,36,2,15.1,1.9,5.4,0.6,2.4,1.4,2.9,0.2,0.4,0.9,3.1,4.0,1.1,0.5,0.5,1.2,1.2,4.6
Yves Pons,SF,22,MEM,6,0,3.5,0.2,0.5,0.2,0.2,0.0,0.3,0.0,0.3,0.3,0.5,0.8,0.0,0.0,0.0,0.0,0.3,0.5
Jordan Poole,SG,22,GSW,41,33,29.4,5.7,13.1,2.5,7.3,3.3,5.9,2.8,3.1,0.3,2.7,3.0,3.3,0.8,0.3,2.4,2.8,16.7
Kevin Porter Jr.,PG,21,HOU,31,31,30.2,4.5,11.9,2.0,5.8,2.5,6.1,2.1,3.4,0.7,3.5,4.2,5.9,1.3,0.3,3.6,2.6,13.1
Michael Porter Jr.,SF,23,DEN,9,9,29.4,4.1,11.4,1.1,5.3,3.0,6.1,0.6,1.0,1.0,5.6,6.6,1.9,1.1,0.2,1.3,1.8,9.9
Otto Porter Jr.,PF,28,GSW,40,8,21.7,3.2,6.7,1.6,3.9,1.6,2.8,0.5,0.7,1.0,4.4,5.3,1.7,1.1,0.5,0.6,1.3,8.4
Bobby Portis,C,26,MIL,40,35,28.7,5.8,12.3,1.9,4.5,3.9,7.7,1.5,2.0,2.9,6.6,9.5,1.3,0.7,0.9,1.6,2.8,15.0
Kristaps Porziņģis,PF,26,DAL,31,31,30.3,6.9,15.2,1.5,5.2,5.4,9.9,4.5,5.2,2.0,6.0,8.0,2.2,0.7,1.8,1.5,2.5,19.9
Micah Potter,C,23,DET,3,0,10.3,1.7,3.7,0.0,0.7,1.7,3.0,0.7,0.7,1.3,1.7,3.0,0.0,0.3,0.3,0.3,1.3,4.0
Dwight Powell,C,30,DAL,47,39,20.2,2.6,4.2,0.3,0.6,2.4,3.6,1.5,2.1,2.0,2.5,4.5,1.1,0.4,0.3,0.7,2.4,7.1
Myles Powell,PG,24,PHI,9,0,5.1,0.6,1.8,0.1,0.6,0.4,1.2,0.2,0.2,0.1,0.4,0.6,0.3,0.1,0.0,0.3,0.7,1.4
Norman Powell,SF,28,POR,34,34,32.9,6.2,13.6,2.2,5.5,4.0,8.1,4.0,4.9,0.4,2.5,2.9,2.1,1.0,0.4,1.5,2.3,18.6
Joshua Primo,SG,19,SAS,20,4,13.5,1.5,3.9,0.7,2.1,0.8,1.8,0.5,0.6,0.4,1.2,1.6,1.3,0.4,0.5,0.9,0.9,4.1
Taurean Prince,PF,27,MIN,35,8,14.6,1.7,4.1,0.9,2.6,0.8,1.5,0.6,0.7,0.4,1.6,2.0,0.8,0.4,0.2,0.6,1.3,4.8
Payton Pritchard,SG,24,BOS,38,2,13.3,1.8,4.8,1.1,3.1,0.6,1.7,0.2,0.2,0.3,1.4,1.8,1.7,0.2,0.1,0.7,0.9,4.9
Trevelin Queen,SG,24,HOU,8,0,8.6,1.6,3.6,1.0,2.8,0.6,0.9,0.4,0.4,0.6,1.1,1.8,0.4,0.6,0.0,0.9,0.8,4.6
Neemias Queta,C,22,SAC,6,0,6.7,0.8,2.5,0.0,0.0,0.8,2.5,0.5,0.7,1.0,1.2,2.2,0.5,0.2,0.2,0.3,1.2,2.2
Immanuel Quickley,PG,22,NYK,43,2,22.3,3.4,8.8,1.8,5.1,1.6,3.7,1.7,1.9,0.4,2.1,2.4,2.8,0.7,0.1,1.3,2.2,10.3
Jahmi'us Ramsey,SG,20,SAC,15,0,5.5,0.9,2.3,0.1,0.7,0.8,1.5,0.3,0.7,0.1,0.3,0.3,0.2,0.1,0.1,0.1,0.3,2.3
Julius Randle,PF,27,NYK,45,45,35.5,6.8,16.4,1.7,5.5,5.1,11.0,3.6,4.7,1.8,8.2,10.0,5.1,0.7,0.6,3.4,2.8,18.9
Austin Reaves,SG,23,LAL,28,0,20.7,2.0,4.1,0.8,2.3,1.2,1.8,1.1,1.3,0.4,2.0,2.5,1.0,0.3,0.1,0.6,1.5,5.9
Cam Reddish,SF,22,TOT,35,7,22.9,4.0,9.9,1.7,4.4,2.3,5.5,2.1,2.3,0.6,1.9,2.5,1.1,1.0,0.3,1.3,1.3,11.7
Cam Reddish,SF,22,ATL,34,7,23.4,4.1,10.1,1.7,4.5,2.4,5.6,2.1,2.4,0.6,1.9,2.5,1.1,1.0,0.3,1.3,1.3,11.9
Cam Reddish,SF,22,NYK,1,0,5.0,1.0,2.0,0.0,1.0,1.0,1.0,0.0,0.0,0.0,2.0,2.0,0.0,0.0,0.0,0.0,0.0,2.0
Davon Reed,SG,26,DEN,19,2,16.3,1.7,3.7,0.8,1.8,0.9,1.9,0.2,0.3,0.5,2.4,2.8,1.2,0.8,0.2,0.2,1.8,4.5
Paul Reed,C,22,PHI,21,2,8.8,1.0,2.0,0.0,0.2,1.0,1.9,0.1,0.4,1.0,1.3,2.2,0.5,0.6,0.5,0.3,1.3,2.0
Naz Reid,C,22,MIN,43,5,16.4,3.1,6.9,0.8,2.4,2.3,4.5,1.6,2.1,1.5,2.6,4.1,0.8,0.5,1.0,1.0,2.2,8.7
Nick Richards,C,24,CHO,34,5,8.7,1.5,2.1,0.0,0.0,1.5,2.1,0.7,0.9,0.8,1.3,2.1,0.3,0.3,0.6,0.5,1.3,3.6
Josh Richardson,SG,28,BOS,36,0,25.1,3.4,7.9,1.4,3.4,2.1,4.4,1.4,1.7,0.6,2.1,2.7,1.5,0.8,0.5,0.8,1.9,9.7
Austin Rivers,SG,29,DEN,32,10,20.7,2.1,5.5,1.1,3.6,1.0,1.9,0.4,0.7,0.3,1.4,1.7,1.1,0.5,0.1,0.8,1.6,5.8
Duncan Robinson,SG,27,MIA,44,39,27.8,4.0,10.2,3.1,8.6,1.0,1.7,0.7,0.9,0.4,2.8,3.2,1.5,0.7,0.2,0.8,2.7,11.8
Justin Robinson,PG,24,TOT,25,0,12.2,1.1,3.7,0.7,2.4,0.4,1.3,0.2,0.3,0.2,0.7,0.8,1.3,0.4,0.0,0.7,1.1,3.1
Justin Robinson,PG,24,MIL,17,0,11.6,1.1,3.4,0.6,2.2,0.5,1.2,0.1,0.1,0.1,0.6,0.8,1.2,0.5,0.0,0.6,1.0,2.8
Justin Robinson,PG,24,SAC,3,0,5.0,0.3,2.7,0.0,1.0,0.3,1.7,0.0,0.0,0.0,0.3,0.3,0.7,0.0,0.0,0.3,0.7,0.7
Justin Robinson,PG,24,DET,5,0,18.2,1.8,5.6,1.6,4.2,0.2,1.4,0.4,1.2,0.4,1.0,1.4,1.8,0.2,0.2,1.0,1.6,5.6
Mitchell Robinson,C,23,NYK,43,34,24.9,3.5,4.5,0.0,0.0,3.5,4.5,1.3,2.4,3.5,4.8,8.3,0.4,0.5,1.5,0.7,2.6,8.4
Jeremiah Robinson-Earl,C,21,OKC,42,34,23.1,2.6,6.6,1.1,3.4,1.5,3.2,0.7,1.0,1.6,4.2,5.8,1.0,0.6,0.3,0.8,1.6,7.0
Isaiah Roby,PF,23,OKC,18,5,13.7,2.6,4.7,0.6,1.2,2.0,3.4,0.9,1.2,1.1,2.2,3.3,0.7,0.2,0.3,0.8,1.4,6.7
Rajon Rondo,PG,35,TOT,21,0,16.9,1.6,4.5,0.7,2.1,0.9,2.4,0.3,0.4,0.5,2.4,2.9,3.9,0.7,0.2,2.0,1.5,4.1
Rajon Rondo,PG,35,LAL,18,0,16.1,1.3,3.9,0.4,1.7,0.8,2.3,0.1,0.1,0.6,2.2,2.7,3.7,0.7,0.3,1.9,1.4,3.1
Rajon Rondo,PG,35,CLE,3,0,21.7,3.3,8.0,2.0,4.7,1.3,3.3,1.7,2.0,0.3,3.7,4.0,4.7,1.0,0.0,2.3,2.0,10.3
Derrick Rose,PG,33,NYK,26,4,24.5,4.7,10.5,1.4,3.5,3.3,7.0,1.2,1.2,0.8,2.2,3.0,4.0,0.8,0.5,1.5,0.6,12.0
Terrence Ross,SG,30,ORL,39,0,25.4,4.0,9.8,1.4,4.5,2.6,5.4,2.3,2.7,0.4,2.4,2.7,2.1,0.5,0.2,1.4,1.3,11.7
Terry Rozier,SG,27,CHO,38,38,32.6,6.8,15.7,3.0,8.0,3.8,7.7,2.0,2.4,0.7,3.4,4.1,4.0,1.2,0.4,1.1,1.4,18.5
Ricky Rubio,PG,31,CLE,34,8,28.5,4.4,12.1,1.7,5.1,2.6,7.0,2.6,3.0,0.4,3.7,4.1,6.6,1.4,0.2,2.6,2.2,13.1
D'Angelo Russell,PG,25,MIN,36,36,32.5,6.6,16.0,3.0,8.6,3.6,7.5,2.8,3.5,0.3,3.3,3.6,7.1,1.0,0.5,2.7,2.2,19.0
Domantas Sabonis,C,25,IND,44,43,34.9,7.0,12.2,0.8,2.4,6.3,9.8,4.1,5.5,3.2,8.7,11.9,4.9,1.0,0.4,3.0,3.1,19.0
Olivier Sarr,C,22,OKC,2,0,7.0,0.5,1.5,0.0,0.5,0.5,1.0,1.0,1.0,0.0,2.5,2.5,0.0,0.0,1.0,0.0,0.5,2.0
Tomáš Satoranský,SG,30,NOP,31,3,14.9,1.0,3.3,0.2,1.0,0.9,2.4,0.6,0.8,0.6,1.5,2.0,2.3,0.5,0.0,0.7,1.0,2.8
Jordan Schakel,SG,23,WAS,2,0,7.0,0.0,3.0,0.0,1.5,0.0,1.5,0.0,0.0,1.0,0.5,1.5,0.0,0.0,0.0,0.0,0.0,0.0
Admiral Schofield,SF,24,ORL,16,1,13.2,1.5,2.9,0.6,1.6,0.9,1.3,0.1,0.2,0.4,2.3,2.6,0.8,0.1,0.2,0.7,1.6,3.7
Dennis Schröder,SG,28,BOS,41,25,31.5,5.7,12.8,1.5,4.1,4.2,8.7,2.8,3.3,0.6,2.8,3.4,4.7,0.9,0.1,2.2,2.4,15.7
Tre Scott,SF,25,CLE,2,0,5.5,1.5,3.0,0.0,0.5,1.5,2.5,0.0,0.0,0.5,0.5,1.0,0.0,0.5,0.5,0.0,1.0,3.0
Jay Scrubb,SG,21,LAC,14,0,6.8,1.1,2.9,0.4,1.4,0.7,1.5,0.3,0.5,0.1,0.6,0.8,0.5,0.2,0.2,0.4,0.4,2.8
Wayne Selden,SG,27,NYK,3,0,6.3,0.3,1.3,0.3,0.7,0.0,0.7,0.7,1.3,0.0,0.3,0.3,0.3,0.0,0.0,0.0,0.3,1.7
Alperen Şengün,C,19,HOU,39,2,18.0,3.1,6.2,0.3,1.2,2.7,5.1,2.3,3.3,1.7,2.9,4.6,2.6,0.8,0.8,2.0,2.9,8.8
Collin Sexton,SG,23,CLE,11,11,28.7,6.2,13.7,1.0,4.1,5.2,9.6,2.6,3.5,1.2,2.1,3.3,2.1,0.9,0.0,2.8,2.3,16.0
Landry Shamet,SG,24,PHO,41,7,20.1,2.4,6.5,1.6,4.5,0.9,2.0,1.0,1.2,0.2,1.7,2.0,1.5,0.5,0.1,0.6,1.2,7.5
Day'Ron Sharpe,PF,20,BRK,21,7,12.3,2.9,4.9,0.0,0.1,2.9,4.8,0.7,1.1,2.4,2.5,4.9,0.3,0.3,0.6,1.0,2.2,6.6
Pascal Siakam,PF,27,TOR,31,31,36.6,8.2,17.0,1.1,3.2,7.1,13.8,3.8,5.3,2.0,6.3,8.3,4.9,1.2,0.7,2.6,3.5,21.2
Chris Silva,PF,25,TOT,8,0,8.3,1.0,1.6,0.0,0.0,1.0,1.6,1.0,1.3,1.3,2.1,3.4,0.4,0.0,0.0,0.5,1.6,3.0
Chris Silva,PF,25,MIN,1,0,3.0,0.0,0.0,0.0,0.0,0.0,0.0,0.0,0.0,0.0,1.0,1.0,0.0,0.0,0.0,0.0,0.0,0.0
Chris Silva,PF,25,MIA,7,0,9.0,1.1,1.9,0.0,0.0,1.1,1.9,1.1,1.4,1.4,2.3,3.7,0.4,0.0,0.0,0.6,1.9,3.4
Marko Simonovic,C,22,CHI,9,0,3.9,0.4,1.7,0.1,0.6,0.3,1.1,0.9,1.2,0.6,0.6,1.1,0.0,0.1,0.1,0.2,0.7,1.9
Anfernee Simons,SG,22,POR,40,13,27.5,5.5,12.3,2.7,6.7,2.8,5.6,1.6,1.7,0.5,2.1,2.6,3.4,0.5,0.2,1.6,1.9,15.2
Jericho Sims,PF,23,NYK,14,0,6.4,0.4,0.6,0.0,0.0,0.4,0.6,0.2,0.3,0.6,1.0,1.6,0.1,0.1,0.4,0.1,0.4,1.1
Deividas Sirvydis,SG,21,DET,3,0,9.0,0.3,3.3,0.3,2.3,0.0,1.0,0.0,0.0,0.0,2.0,2.0,0.3,1.0,0.3,0.0,1.3,1.0
Javonte Smart,PG,22,MIL,13,1,12.3,0.8,3.3,0.3,1.4,0.5,1.9,0.4,0.5,0.3,1.2,1.5,1.1,0.3,0.2,0.7,0.8,2.4
Marcus Smart,PG,27,BOS,39,39,34.0,4.0,10.2,1.5,4.8,2.6,5.4,2.1,2.6,0.6,3.4,4.0,5.3,2.0,0.3,2.1,2.5,11.6
Dennis Smith Jr.,PG,24,POR,28,4,17.3,2.3,5.5,0.2,1.0,2.1,4.5,1.1,1.7,0.5,1.8,2.2,3.4,1.2,0.4,1.4,1.4,5.9
Ish Smith,PG,33,CHO,30,1,14.1,1.9,5.1,0.3,0.7,1.7,4.4,0.4,0.6,0.2,1.3,1.6,2.7,0.6,0.2,1.1,1.0,4.5
Jalen Smith,PF,21,PHO,22,4,13.9,2.4,5.1,0.3,1.4,2.0,3.8,1.5,1.9,2.2,3.3,5.5,0.2,0.2,0.6,0.8,1.7,6.6
Xavier Sneed,SF,24,MEM,2,0,4.0,0.0,1.0,0.0,1.0,0.0,0.0,0.0,0.0,0.5,0.5,1.0,0.0,0.0,0.0,0.0,1.0,0.0
Tony Snell,SG,30,POR,32,7,13.2,0.8,2.3,0.6,1.8,0.3,0.5,0.1,0.1,0.3,1.4,1.7,0.5,0.2,0.1,0.3,1.1,2.3
Jaden Springer,SG,19,PHI,2,0,3.0,0.5,0.5,0.0,0.0,0.5,0.5,0.0,0.0,0.5,0.5,1.0,0.0,0.0,1.0,0.5,0.0,1.0
Cassius Stanley,SG,22,DET,8,1,19.0,2.3,5.6,0.5,2.1,1.8,3.5,1.3,1.3,0.6,1.8,2.4,0.5,0.6,0.3,0.8,2.1,6.3
Nik Stauskas,SG,28,MIA,2,0,12.0,1.5,4.0,1.0,2.0,0.5,2.0,1.5,2.0,0.5,1.0,1.5,0.5,0.0,0.0,0.0,0.5,5.5
Lance Stephenson,SF,31,ATL,6,0,11.7,0.8,2.2,0.0,0.5,0.8,1.7,0.2,0.3,0.2,2.3,2.5,1.8,0.0,0.0,0.7,1.3,1.8
Lance Stephenson,SG,31,IND,11,0,19.0,3.8,8.3,0.8,2.9,3.0,5.4,1.1,1.4,0.4,2.2,2.5,3.6,0.7,0.0,1.8,2.2,9.5
Lamar Stevens,PF,24,CLE,31,8,15.2,2.2,4.7,0.4,1.3,1.8,3.4,0.5,0.7,0.7,1.6,2.4,0.7,0.4,0.2,0.5,1.5,5.3
Isaiah Stewart,C,20,DET,38,38,25.2,3.4,6.4,0.1,0.6,3.4,5.9,1.0,1.5,2.6,5.3,7.9,1.1,0.3,1.2,1.3,2.9,8.0
Max Strus,SF,25,MIA,36,8,23.9,4.0,8.9,2.7,6.5,1.4,2.4,0.9,1.1,0.4,3.0,3.4,1.3,0.3,0.2,0.7,1.6,11.6
Jalen Suggs,PG,20,ORL,27,24,27.8,4.4,12.1,1.1,4.3,3.3,7.7,3.0,3.9,0.7,3.1,3.9,4.0,1.2,0.4,3.3,2.9,12.9
Craig Sword,SG,28,WAS,3,0,6.3,1.0,1.3,0.0,0.3,1.0,1.0,0.0,0.0,0.0,0.0,0.0,0.3,1.3,0.0,0.3,2.3,2.0
Keifer Sykes,PG,28,IND,12,8,22.5,2.9,7.3,1.1,3.4,1.8,3.9,0.7,0.8,0.4,1.8,2.2,2.6,0.5,0.1,1.6,2.1,7.6
Jae'Sean Tate,SF,26,HOU,45,44,27.2,5.0,9.8,0.8,2.6,4.2,7.2,1.8,2.6,1.7,4.0,5.7,3.1,0.9,0.6,1.8,3.6,12.5
Jayson Tatum,SF,23,BOS,44,44,36.7,8.9,21.1,2.7,8.3,6.2,12.8,5.3,6.3,1.2,7.4,8.6,3.9,0.9,0.8,3.0,2.5,25.8
Terry Taylor,SG,22,IND,2,0,3.0,0.0,0.0,0.0,0.0,0.0,0.0,0.0,0.0,0.0,0.5,0.5,0.5,0.0,0.0,0.0,0.0,0.0
Garrett Temple,SG,35,NOP,43,12,19.4,2.0,5.2,1.2,3.4,0.8,1.8,0.5,0.7,0.6,2.1,2.7,1.2,0.8,0.4,0.8,1.6,5.7
Emanuel Terry,PF,25,PHO,3,0,6.0,0.0,1.7,0.0,0.0,0.0,1.7,0.0,0.0,2.7,2.3,5.0,0.7,0.3,0.0,1.7,1.3,0.0
Tyrell Terry,PG,21,MEM,2,0,1.5,0.5,0.5,0.0,0.0,0.5,0.5,0.0,0.0,0.0,0.0,0.0,0.0,0.0,0.0,0.0,0.5,1.0
Jon Teske,C,24,MEM,3,0,2.7,0.0,0.3,0.0,0.0,0.0,0.3,0.0,0.7,0.0,0.7,0.7,0.3,0.3,0.0,0.0,0.3,0.0
Daniel Theis,C,29,HOU,26,21,22.5,3.2,6.9,0.9,3.0,2.3,3.8,1.0,1.5,1.2,3.8,5.0,0.8,0.4,0.7,1.2,2.4,8.4
Brodric Thomas,SG,25,BOS,7,0,4.0,0.1,1.3,0.0,0.9,0.1,0.4,0.3,0.3,0.3,0.4,0.7,0.7,0.0,0.0,0.4,0.1,0.6
Cam Thomas,SG,20,BRK,35,1,17.3,3.0,6.9,0.6,2.6,2.4,4.3,0.8,1.0,0.2,2.2,2.4,1.0,0.5,0.1,0.7,0.8,7.5
Isaiah Thomas,PG,32,TOT,5,1,22.8,3.0,9.4,1.0,5.0,2.0,4.4,1.6,2.2,0.2,1.4,1.6,2.0,0.0,0.4,1.0,2.4,8.6
Isaiah Thomas,PG,32,LAL,4,1,25.3,3.0,9.8,1.3,5.5,1.8,4.3,2.0,2.8,0.3,1.8,2.0,1.5,0.0,0.5,1.3,3.0,9.3
Isaiah Thomas,PG,32,DAL,1,0,13.0,3.0,8.0,0.0,3.0,3.0,5.0,0.0,0.0,0.0,0.0,0.0,4.0,0.0,0.0,0.0,0.0,6.0
Matt Thomas,SG,27,CHI,22,0,12.5,1.6,3.7,1.1,2.5,0.5,1.3,0.4,0.5,0.1,1.1,1.2,0.6,0.3,0.0,0.3,0.5,4.8
Klay Thompson,SG,31,GSW,6,6,21.3,5.3,14.3,2.2,7.2,3.2,7.2,1.8,1.8,0.5,2.3,2.8,2.0,0.7,0.3,1.8,1.3,14.7
Tristan Thompson,PF,30,SAC,30,3,15.2,2.5,5.0,0.0,0.0,2.5,5.0,1.1,2.0,2.4,3.0,5.4,0.6,0.4,0.4,1.0,1.7,6.2
JT Thor,PF,19,CHO,12,0,9.7,0.8,2.3,0.3,1.4,0.5,0.9,0.6,0.8,0.5,0.9,1.4,0.6,0.3,0.5,0.3,1.2,2.3
Matisse Thybulle,SG,24,PHI,32,17,25.8,2.4,4.9,0.7,2.5,1.7,2.4,0.3,0.4,0.5,1.9,2.4,1.1,1.8,1.1,0.7,2.3,5.8
Killian Tillie,C,23,MEM,28,3,13.4,1.3,3.8,0.8,2.4,0.5,1.4,0.2,0.3,0.7,1.1,1.8,0.6,0.8,0.5,0.3,1.6,3.6
Xavier Tillman Sr.,PF,23,MEM,37,0,13.6,1.8,4.1,0.2,0.9,1.6,3.2,0.8,1.3,1.2,1.8,3.1,1.1,1.1,0.4,0.7,1.3,4.6
Isaiah Todd,PF,20,WAS,9,0,3.9,0.6,1.7,0.4,1.1,0.1,0.6,0.2,0.4,0.2,0.8,1.0,0.1,0.2,0.2,0.1,0.1,1.8
Obi Toppin,PF,23,NYK,42,2,15.7,2.8,5.4,0.3,1.6,2.5,3.8,1.4,1.8,0.9,2.6,3.5,1.0,0.3,0.5,0.8,1.4,7.3
Juan Toscano-Anderson,SF,28,GSW,45,4,15.5,1.8,3.7,0.4,1.4,1.4,2.3,0.6,1.1,0.5,2.4,2.9,1.9,0.8,0.3,1.1,1.6,4.6
Karl-Anthony Towns,C,26,MIN,39,39,34.5,8.6,16.8,2.2,5.5,6.4,11.3,4.8,5.9,2.8,6.4,9.2,3.7,1.1,1.2,3.4,3.7,24.3
Gary Trent Jr.,SG,23,TOR,35,34,33.7,6.0,14.4,2.7,7.4,3.2,7.0,1.5,1.8,0.4,2.3,2.7,2.0,1.9,0.4,1.0,2.2,16.2
P.J. Tucker,PF,36,MIA,41,40,28.3,3.0,6.1,1.4,3.0,1.7,3.2,0.7,1.0,1.6,4.0,5.6,2.2,0.8,0.3,1.0,2.2,8.1
Rayjon Tucker,SG,24,DEN,3,0,9.7,0.3,0.7,0.3,0.7,0.0,0.0,1.0,1.3,0.3,1.0,1.3,1.3,0.3,0.0,0.0,1.0,2.0
Myles Turner,C,25,IND,42,42,29.4,4.8,9.4,1.5,4.4,3.3,5.0,1.9,2.5,1.5,5.5,7.1,1.0,0.7,2.8,1.3,2.8,12.9
Jonas Valančiūnas,C,29,NOP,42,42,31.6,7.1,13.5,1.0,2.5,6.0,11.0,3.2,4.0,3.4,8.6,12.0,2.4,0.5,0.9,2.4,3.2,18.4
Denzel Valentine,SG,28,TOT,24,0,9.3,1.0,2.8,0.8,2.0,0.3,0.8,0.0,0.0,0.4,1.4,1.8,0.5,0.3,0.0,0.5,0.8,2.9
Denzel Valentine,SG,28,CLE,22,0,9.3,1.0,2.8,0.8,2.0,0.2,0.8,0.0,0.0,0.4,1.3,1.7,0.5,0.3,0.0,0.5,0.8,2.9
Denzel Valentine,SG,28,UTA,2,0,9.0,1.0,2.0,0.5,1.5,0.5,0.5,0.0,0.0,0.0,2.0,2.0,0.0,0.5,0.0,1.0,1.5,2.5
Jarred Vanderbilt,PF,22,MIN,41,34,25.8,2.9,4.9,0.0,0.2,2.8,4.7,1.0,1.5,3.2,5.9,9.1,1.3,1.6,0.7,1.0,2.8,6.8
Fred VanVleet,PG,27,TOR,41,41,38.2,7.4,17.5,3.9,9.9,3.5,7.6,3.1,3.6,0.8,3.9,4.7,7.0,1.7,0.5,2.6,2.5,21.7
Devin Vassell,SF,21,SAS,39,6,25.0,4.4,9.9,1.7,5.0,2.6,4.9,0.8,1.1,0.6,3.6,4.2,1.3,1.0,0.7,0.8,2.2,11.3
Gabe Vincent,PG,25,MIA,38,14,22.6,3.2,7.5,1.7,4.5,1.5,3.0,0.8,1.0,0.4,1.5,1.9,3.1,0.9,0.3,1.6,2.3,9.0
Nikola Vučević,C,31,CHI,38,38,33.1,6.8,15.8,1.6,5.1,5.2,10.7,1.1,1.5,1.9,9.2,11.2,3.5,1.0,1.2,1.6,2.3,16.3
Dean Wade,PF,25,CLE,32,16,18.4,1.7,4.0,0.8,2.5,0.9,1.5,0.3,0.6,0.8,2.4,3.2,1.1,0.5,0.1,0.3,1.5,4.6
Franz Wagner,SF,20,ORL,48,48,32.4,5.8,12.9,1.2,3.5,4.7,9.4,2.5,3.0,1.2,3.6,4.8,2.9,1.0,0.5,1.6,2.2,15.4
Moritz Wagner,C,24,ORL,38,0,12.4,2.7,5.3,1.0,2.8,1.7,2.5,1.4,1.7,0.4,1.9,2.4,1.0,0.3,0.3,0.7,1.9,7.7
Ish Wainright,PF,27,PHO,19,0,6.5,0.7,2.1,0.3,1.2,0.4,0.9,0.1,0.2,0.7,0.6,1.3,0.4,0.3,0.1,0.4,1.2,1.7
Kemba Walker,PG,31,NYK,26,26,27.1,4.6,11.2,2.4,6.0,2.2,5.2,1.8,2.3,0.4,3.0,3.4,3.6,0.8,0.2,1.4,1.2,13.5
Lonnie Walker IV,SG,23,SAS,43,6,22.8,4.1,10.5,1.5,4.9,2.6,5.6,1.5,1.9,0.2,2.5,2.7,2.3,0.6,0.3,1.0,1.4,11.2
M.J. Walker,SG,23,PHO,2,0,4.0,0.0,2.0,0.0,1.0,0.0,1.0,0.0,0.0,0.0,0.5,0.5,0.5,1.0,0.0,0.0,0.5,0.0
Derrick Walton,PG,26,DET,3,3,36.0,2.0,8.7,1.0,4.3,1.0,4.3,1.3,1.3,0.7,2.7,3.3,7.0,2.3,1.3,3.7,2.7,6.3
Brad Wanamaker,PG,32,TOT,23,2,13.9,1.2,3.3,0.2,0.7,1.0,2.6,1.0,1.1,0.3,1.4,1.7,2.4,0.3,0.3,1.0,2.0,3.6
Brad Wanamaker,PG,32,IND,22,1,13.3,1.2,3.3,0.2,0.8,1.0,2.5,0.9,1.0,0.3,1.3,1.6,2.2,0.2,0.3,1.0,1.9,3.5
Brad Wanamaker,PG,32,WAS,1,1,27.0,2.0,5.0,0.0,0.0,2.0,5.0,3.0,3.0,0.0,4.0,4.0,7.0,2.0,0.0,0.0,3.0,7.0
Duane Washington Jr.,PG,21,IND,15,7,19.1,2.6,7.6,1.1,3.7,1.5,3.9,0.9,1.3,0.1,1.3,1.4,1.7,0.5,0.1,1.1,0.9,7.3
P.J. Washington,PF,23,CHO,30,3,24.5,3.5,7.8,1.8,4.5,1.6,3.2,1.1,1.6,1.4,4.1,5.5,2.2,0.7,1.1,1.4,2.5,9.9
Yuta Watanabe,SF,27,TOR,19,4,17.0,2.0,5.2,1.0,2.9,1.0,2.3,0.7,1.3,0.7,2.7,3.4,0.8,0.4,0.5,0.7,1.4,5.7
Tremont Waters,PG,24,TOT,3,0,16.7,1.3,4.7,0.7,3.0,0.7,1.7,0.0,0.0,0.0,1.3,1.3,2.3,1.7,0.0,1.3,1.3,3.3
Tremont Waters,PG,24,TOR,2,0,21.0,1.5,6.0,1.0,4.5,0.5,1.5,0.0,0.0,0.0,2.0,2.0,3.5,2.0,0.0,2.0,1.0,4.0
Tremont Waters,PG,24,WAS,1,0,8.0,1.0,2.0,0.0,0.0,1.0,2.0,0.0,0.0,0.0,0.0,0.0,0.0,1.0,0.0,0.0,2.0,2.0
Trendon Watford,SF,21,POR,20,0,9.6,1.3,2.7,0.0,0.2,1.3,2.5,0.8,1.2,0.8,1.7,2.5,0.8,0.2,0.5,0.7,0.9,3.4
Paul Watson,SF,27,OKC,9,3,17.3,1.3,3.9,0.7,2.9,0.7,1.0,0.1,0.2,0.3,2.7,3.0,0.9,0.3,0.3,0.4,1.1,3.4
Quinndary Weatherspoon,SG,25,GSW,3,0,5.3,1.3,1.3,0.0,0.0,1.3,1.3,0.0,0.0,0.0,0.3,0.3,0.0,0.3,0.3,0.3,1.7,2.7
Russell Westbrook,PG,33,LAL,47,47,34.9,7.0,16.1,1.0,3.4,6.0,12.7,3.5,5.2,1.4,6.6,8.1,7.8,1.1,0.3,4.1,3.1,18.6
Coby White,PG,21,CHI,27,11,27.0,4.7,10.4,2.0,5.4,2.7,5.0,1.5,1.9,0.2,2.6,2.8,2.4,0.6,0.3,1.3,2.3,12.8
Derrick White,SG,27,SAS,42,41,30.4,5.0,12.0,1.6,5.3,3.4,6.7,2.9,3.3,0.6,3.0,3.6,5.6,1.1,0.9,1.7,2.3,14.4
Hassan Whiteside,C,32,UTA,36,3,16.4,3.3,5.2,0.0,0.0,3.3,5.2,1.7,2.5,2.3,4.6,6.8,0.3,0.3,1.3,0.9,2.9,8.2
Joe Wieskamp,SG,22,SAS,13,0,5.9,0.8,1.8,0.5,1.3,0.3,0.5,0.2,0.5,0.2,0.4,0.5,0.3,0.2,0.2,0.0,0.4,2.5
Aaron Wiggins,SG,23,OKC,28,15,21.8,2.8,5.7,0.8,2.5,2.0,3.2,1.1,1.6,0.9,2.6,3.4,1.1,0.8,0.2,0.9,2.0,7.5
Andrew Wiggins,SF,26,GSW,43,43,31.6,6.8,14.1,2.2,5.3,4.6,8.8,2.3,3.5,1.1,3.1,4.2,2.0,0.9,0.6,1.6,1.9,18.2
Lindell Wigginton,PG,23,MIL,1,0,5.0,1.0,1.0,0.0,0.0,1.0,1.0,0.0,0.0,0.0,1.0,1.0,0.0,1.0,0.0,0.0,0.0,2.0
Brandon Williams,PG,22,POR,2,0,6.0,1.0,1.5,0.0,0.0,1.0,1.5,2.0,3.5,0.0,1.0,1.0,1.0,0.0,0.0,0.0,0.0,4.0
Grant Williams,PF,23,BOS,43,13,22.8,2.4,5.0,1.5,3.4,1.0,1.6,0.9,1.0,0.7,2.6,3.3,1.0,0.5,0.7,0.8,2.1,7.2
Kenrich Williams,SF,27,OKC,38,0,20.6,2.8,6.1,0.9,2.2,2.0,3.9,0.6,1.1,1.4,2.6,4.1,1.9,0.9,0.1,0.8,1.7,7.1
Lou Williams,PG,35,ATL,32,0,14.3,2.4,6.3,0.7,2.1,1.8,4.2,1.3,1.5,0.3,1.3,1.6,1.7,0.5,0.1,0.8,1.0,6.8
Patrick Williams,PF,20,CHI,5,5,25.0,2.6,4.6,0.6,1.2,2.0,3.4,0.8,0.8,0.2,2.0,2.2,0.6,0.6,0.4,0.4,1.8,6.6
Robert Williams,C,24,BOS,37,37,29.5,4.3,5.9,0.0,0.0,4.3,5.9,1.1,1.6,3.9,5.4,9.2,1.9,0.8,2.1,1.3,2.2,9.8
Ziaire Williams,SF,20,MEM,30,9,20.3,2.5,6.4,1.0,3.8,1.5,2.6,0.5,0.6,0.3,1.3,1.6,0.8,0.5,0.2,0.5,1.9,6.6
D.J. Wilson,PF,25,TOR,3,1,16.0,2.7,3.7,0.0,0.7,2.7,3.0,2.7,3.3,0.3,4.3,4.7,1.3,1.7,0.3,0.7,1.7,8.0
Dylan Windler,SF,25,CLE,31,0,10.5,1.0,2.3,0.7,1.7,0.4,0.6,0.2,0.3,0.4,1.5,1.9,0.8,0.3,0.1,0.4,1.0,3.0
Justise Winslow,SF,25,LAC,32,1,11.4,1.6,3.5,0.2,0.8,1.4,2.8,0.4,0.8,0.6,2.5,3.1,1.2,0.5,0.4,0.9,1.1,3.8
Cassius Winston,PG,23,WAS,2,0,3.5,0.0,1.0,0.0,1.0,0.0,0.0,1.0,1.0,0.0,0.0,0.0,1.0,0.0,0.0,0.5,0.0,1.0
Christian Wood,C,26,HOU,44,43,30.8,6.4,13.4,1.8,4.8,4.7,8.6,2.9,4.6,1.7,8.6,10.3,2.2,0.8,0.9,1.8,2.4,17.5
Robert Woodard II,SF,22,SAC,8,0,1.9,0.1,0.5,0.1,0.1,0.0,0.4,0.3,0.3,0.0,0.3,0.3,0.0,0.0,0.0,0.1,0.3,0.6
Delon Wright,SG,29,ATL,41,4,17.9,1.6,3.5,0.6,1.4,1.0,2.0,0.7,0.9,0.7,2.1,2.8,2.6,0.9,0.2,0.7,0.7,4.4
McKinley Wright IV,PG,23,MIN,3,0,3.0,0.7,1.0,0.3,0.7,0.3,0.3,0.0,0.0,0.0,0.0,0.0,0.3,0.0,0.0,0.3,0.3,1.7
Moses Wright,PF,23,LAC,1,0,1.0,0.0,0.0,0.0,0.0,0.0,0.0,0.0,0.0,0.0,0.0,0.0,1.0,0.0,0.0,0.0,0.0,0.0
Thaddeus Young,PF,33,SAS,24,0,13.9,2.7,4.8,0.0,0.1,2.7,4.7,0.4,0.8,1.4,2.0,3.4,2.3,0.8,0.3,1.1,1.4,5.8
Trae Young,PG,23,ATL,42,42,34.8,9.3,20.5,2.9,7.7,6.4,12.8,6.4,7.1,0.6,3.3,4.0,9.3,1.0,0.1,4.1,1.6,28.0
Omer Yurtseven,C,23,MIA,36,10,15.1,2.7,5.2,0.0,0.2,2.7,5.0,0.9,1.4,1.8,4.6,6.4,1.1,0.4,0.5,0.9,1.8,6.4
Cody Zeller,C,29,POR,27,0,13.1,1.9,3.3,0.0,0.1,1.9,3.2,1.4,1.8,1.9,2.8,4.6,0.8,0.3,0.2,0.7,2.1,5.2
Ivica Zubac,C,24,LAC,44,44,24.7,3.8,5.7,0.0,0.0,3.8,5.7,2.3,3.0,2.8,5.4,8.2,1.2,0.5,1.1,1.3,2.5,9.9
